client_id,birth_number,district_id,bank_id
1,706213,18,2
2,450204,1,3
3,406009,1,3
4,561201,5,1
5,605703,5,1
6,190922,12,3
7,290125,15,2
8,385221,51,2
9,351016,60,2
10,430501,57,2
11,505822,57,2
12,810220,40,3
13,745529,54,1
14,425622,76,3
15,185828,21,1
16,190225,21,1
17,341013,76,2
18,315405,76,2
19,421228,47,1
20,790104,46,2
21,526029,12,1
22,696011,1,2
23,730529,1,2
24,395729,43,3
25,395423,21,3
26,695420,74,3
27,665326,54,2
28,450929,1,2
29,515911,30,2
30,576009,74,3
31,620209,68,1
32,800728,52,2
33,486204,73,2
36,785717,7,1
37,700810,7,1
38,735723,36,1
39,680125,68,3
40,575122,5,1
41,680827,22,1
42,350817,68,2
43,201028,75,2
44,775111,38,3
45,520826,20,1
46,405130,19,2
47,340714,76,3
48,400209,16,1
49,595511,72,3
50,785730,39,1
51,796202,36,1
52,241212,32,3
53,770505,64,3
55,485918,45,2
56,600331,21,2
57,616217,21,2
58,275429,1,3
59,570218,1,1
60,800219,67,1
61,485806,16,1
62,321208,77,3
63,590604,4,2
64,260422,20,1
65,435527,50,1
66,516110,1,2
67,326111,29,2
68,461214,43,3
70,251222,70,1
71,275206,70,1
72,230113,47,3
73,240220,22,1
74,255726,22,1
75,775919,64,1
76,676001,36,2
77,565218,1,2
78,445613,16,1
79,695310,37,3
80,795225,64,1
81,760429,8,1
82,796225,8,1
83,786225,1,3
84,790505,1,3
85,610827,1,1
86,695720,1,1
87,466117,72,3
89,515505,1,2
90,750817,52,3
91,400807,63,2
92,665612,74,2
93,250216,3,1
94,470909,43,1
95,525803,43,1
96,720229,74,3
97,651128,26,1
98,735504,33,1
99,730126,33,1
100,425811,44,2
101,430123,68,1
102,585910,74,2
103,550711,74,2
105,800526,31,2
106,686230,68,2
107,720623,1,3
108,630913,17,2
110,675413,2,3
112,350125,1,2
113,405815,1,2
114,695624,74,1
115,691224,74,1
116,420128,74,3
117,365920,74,3
118,220719,55,2
119,225228,55,2
120,760510,1,2
121,786029,41,3
122,636113,35,2
123,690212,11,2
124,670921,44,1
125,361031,37,3
126,295927,37,3
127,506227,21,3
128,735404,63,1
129,475531,64,3
130,420214,53,3
131,775131,53,1
132,530126,36,1
134,320118,6,3
135,385910,6,3
136,215126,55,2
137,230914,60,1
138,726021,54,1
139,595725,8,2
140,610606,8,2
141,251102,31,2
142,370621,68,3
143,780709,27,2
144,581206,65,3
145,780214,55,1
146,616219,31,1
147,336102,21,2
148,401225,21,2
149,480627,55,2
150,805927,2,2
151,715923,51,1
152,456202,29,1
153,815212,13,2
154,330827,74,2
155,395313,74,2
156,305722,54,1
157,435709,52,2
158,455703,40,3
159,380910,40,3
160,425426,64,3
161,436007,34,1
162,411017,65,3
163,330612,74,2
164,625404,70,1
165,681108,22,2
166,616022,22,2
167,785418,38,1
168,766105,24,1
169,530912,38,1
170,465616,38,1
171,290625,51,1
172,356005,51,1
173,186208,21,1
174,781110,10,2
175,600713,31,1
176,290311,4,3
178,601222,8,1
179,801229,43,2
180,820119,73,2
181,670706,76,1
182,595713,76,1
183,785319,1,2
184,720605,1,2
185,540530,77,1
186,615222,46,3
187,420823,58,1
188,600902,64,1
189,190810,11,2
190,476031,37,2
191,540903,37,2
192,710228,70,3
193,620501,1,3
194,246220,28,3
195,191118,74,3
196,275625,74,3
197,330425,30,3
198,760714,60,2
199,230621,29,1
200,285113,29,1
201,305819,17,1
202,766121,29,1
203,620610,31,3
204,675617,31,3
205,425615,4,2
206,635413,59,2
207,320520,46,1
208,405625,13,3
209,350820,13,3
210,391130,66,3
211,455628,66,3
212,750210,52,2
215,670924,71,3
216,600130,1,3
217,746222,59,2
218,805123,1,3
219,645402,60,3
221,775225,21,1
222,725629,47,3
223,525227,43,2
224,550511,77,2
225,360510,32,1
226,420616,1,2
227,266218,52,3
228,565316,48,2
229,690722,76,2
230,675310,74,1
231,410218,41,1
232,215617,55,3
233,586203,69,2
234,550621,69,2
235,435828,44,1
236,610901,70,1
237,695222,70,1
238,616128,6,2
239,745910,1,3
240,295617,34,1
241,590123,70,3
242,615801,17,2
243,540210,63,1
246,706228,67,2
247,570508,1,1
248,696212,61,1
249,700505,61,1
250,796125,8,2
251,765303,54,1
252,695901,37,1
253,475512,48,1
254,630530,28,2
255,516011,27,1
256,635227,73,1
257,426104,22,3
258,370531,22,3
259,660608,31,1
260,625224,31,1
261,376207,38,1
262,451125,77,3
263,620520,68,1
264,780822,28,2
265,335107,72,2
266,675828,19,2
267,670612,37,3
268,825502,39,3
269,236203,15,1
270,470308,46,3
271,455727,46,3
272,446025,70,2
273,725515,27,2
274,706125,17,3
275,186112,1,2
276,570611,1,1
277,616128,1,1
278,726227,22,2
279,700516,22,2
280,696218,45,2
282,385224,73,1
283,331104,73,1
284,740806,10,2
285,540603,72,1
286,525418,72,1
287,800909,50,2
288,620421,6,3
289,580327,54,2
290,590112,72,3
291,555427,72,3
292,585906,15,3
293,430927,69,2
294,680321,58,3
295,390327,12,3
296,740301,65,2
297,245315,65,1
298,210613,65,1
300,575730,1,1
301,420110,28,1
302,710223,56,2
303,460506,74,1
304,345311,19,1
305,380608,46,3
308,765612,68,2
309,696214,37,1
310,500416,11,2
311,305916,64,1
312,240703,2,1
313,425511,24,3
314,450322,24,3
315,670501,54,1
316,550428,75,3
317,576006,64,1
318,435402,15,3
319,295404,19,1
320,341112,19,1
321,436024,47,3
322,330201,38,3
323,385404,38,3
324,601203,3,1
325,600221,3,1
326,675918,27,1
327,681013,27,1
328,185124,1,1
329,641203,11,2
330,445805,65,1
331,420302,1,2
332,780725,29,3
333,711019,38,2
334,691031,32,3
335,675722,73,2
336,645211,39,3
337,570508,39,3
338,515619,8,1
339,660730,1,3
340,705819,1,3
341,770316,69,1
342,725630,69,1
343,191119,44,3
344,635716,54,3
345,531207,17,1
346,606102,17,1
347,591213,71,3
348,535124,71,3
349,275527,39,1
350,255402,25,3
351,730501,1,3
352,400827,56,1
353,651026,7,2
354,225427,49,2
355,300531,49,2
356,796207,1,3
357,790330,1,3
358,595626,7,3
359,700216,66,3
360,430427,49,1
361,775525,74,2
362,505427,35,3
363,420701,35,3
364,426205,54,1
365,300109,1,3
366,366110,1,3
367,635903,60,3
368,681014,60,3
369,306106,7,3
370,565105,71,1
371,420716,4,3
372,320403,34,1
373,360228,16,3
374,670614,26,2
375,695929,61,1
376,735108,14,1
378,780515,50,2
379,836013,50,2
380,730119,41,1
381,775126,73,2
382,780630,73,2
383,395517,15,2
384,351008,15,2
385,480324,45,2
386,800821,62,2
387,270606,76,2
388,506030,36,3
389,745630,47,2
390,775127,47,3
391,335522,47,2
392,505401,74,3
393,560831,74,3
394,245518,52,1
395,190705,52,1
396,200502,1,2
397,300327,75,2
398,255326,61,2
399,520414,45,1
400,331227,1,2
401,286119,1,2
402,431225,3,2
403,735526,42,2
404,670420,42,2
405,346019,65,1
406,770515,36,1
407,755527,73,1
408,785222,35,1
409,250618,74,3
410,621220,62,1
411,415414,17,2
412,440417,17,2
413,726118,49,3
414,476019,46,3
415,450401,46,3
416,326007,1,2
417,300610,1,2
418,661013,28,1
419,706007,64,1
420,780313,18,3
421,650731,54,1
422,461207,69,1
423,570623,37,1
424,471008,1,1
425,480212,25,1
426,370601,72,1
427,415914,72,1
428,196116,47,3
429,815120,50,3
430,200728,39,3
431,276001,24,3
432,525326,59,1
433,550207,62,3
434,435130,70,3
435,671023,20,2
436,550615,2,2
437,205117,11,2
438,380928,32,2
439,685912,51,1
440,705707,15,2
441,590914,1,3
442,716216,1,2
443,711220,1,2
444,605801,74,1
445,475427,1,3
446,520319,1,3
447,460904,23,2
448,705815,77,3
450,531127,25,2
451,790414,12,1
452,536022,55,1
453,690716,67,2
454,495615,38,1
455,200726,68,2
456,400228,25,3
457,500926,70,1
458,610724,68,1
459,675723,32,1
461,705813,68,1
462,701221,14,3
463,440405,38,2
464,595730,24,2
465,520901,5,1
466,476119,1,3
467,500417,1,3
468,590427,72,2
469,706013,59,2
470,545421,30,1
471,770111,44,2
472,811227,36,2
473,395925,1,3
474,490531,46,1
476,475601,1,2
477,540720,1,2
478,780621,21,3
479,470820,11,2
480,465124,11,2
481,270122,69,2
482,345122,69,2
483,440619,1,3
484,595913,28,1
485,780516,32,3
486,440412,68,1
487,225401,1,3
488,170802,1,3
489,401007,41,2
490,501023,55,2
491,660805,63,1
492,351026,72,2
493,425604,41,2
494,800519,1,2
495,375407,49,2
496,515521,70,3
497,530202,74,1
498,485115,74,1
499,355708,18,2
500,710106,1,3
501,371028,62,1
502,191208,6,3
503,590724,73,3
504,790801,36,3
505,771221,13,3
506,460816,75,1
507,541116,75,3
508,710428,53,1
509,800502,73,1
510,760415,12,1
511,590218,9,3
512,655803,60,2
513,745111,8,3
514,681115,8,3
515,320526,1,2
516,305427,1,2
517,650725,63,2
518,795428,54,3
519,800413,18,2
520,475927,46,3
521,751225,69,1
522,565304,1,2
523,221217,38,3
524,635102,30,2
525,690814,30,2
526,640201,43,1
527,665818,43,1
528,770211,37,2
529,781105,69,3
530,575927,29,1
531,761004,27,1
532,805903,27,1
533,415519,54,3
534,570722,74,1
535,370909,26,3
536,390825,47,2
537,350116,1,2
538,485510,5,3
540,210728,19,2
541,275309,19,2
542,215209,59,3
543,585415,11,1
544,481116,63,3
545,736011,75,2
546,530825,7,3
547,490331,54,2
548,371204,49,1
550,611130,7,3
551,765705,47,2
552,345508,1,3
553,410407,1,3
554,255419,30,2
555,261021,30,2
556,460708,29,3
557,390717,51,2
558,205705,43,1
559,725905,32,2
560,676216,71,2
561,626110,74,3
562,755922,49,2
563,615909,72,1
564,550124,72,1
565,595703,64,1
566,465305,47,1
567,500502,47,1
568,605719,8,1
569,620615,73,2
570,415131,61,3
571,240927,3,3
572,205804,3,3
573,670810,69,1
574,721225,1,1
575,700404,58,3
576,745512,58,3
577,636205,1,2
578,775707,23,2
579,335531,72,2
581,495204,70,3
582,500926,1,3
583,655101,75,1
584,765513,33,2
585,425221,40,1
586,471103,40,1
587,455708,25,1
588,606020,61,2
589,610917,45,2
590,490215,44,3
591,746029,65,1
592,650718,26,3
593,545710,60,3
596,481024,69,1
597,430222,55,1
598,701231,1,3
599,775518,1,3
601,660312,56,3
602,655116,56,3
603,665309,13,2
604,655731,1,1
605,705827,1,1
606,495125,10,1
607,640330,64,1
608,720831,67,2
609,620902,52,2
610,795810,74,2
611,521013,36,1
612,606110,36,1
613,775810,1,3
614,475203,14,3
615,495913,68,1
616,750101,58,2
617,740314,70,2
618,325316,57,1
619,200907,6,2
620,185213,6,2
621,390317,54,2
622,316123,74,2
623,250904,24,3
624,325726,24,3
625,786124,60,1
626,800413,9,3
627,720411,17,2
628,705527,17,2
629,760310,16,2
630,520303,61,2
631,565322,70,1
632,460316,67,1
633,385612,67,1
635,275629,17,2
636,350217,17,2
637,706215,39,3
638,615203,54,1
639,780802,31,1
640,790415,26,2
641,625704,40,3
642,631025,40,3
643,495613,1,3
644,615423,35,1
645,251221,14,3
646,225929,34,1
647,290406,34,1
648,355928,70,1
649,785502,13,2
651,765127,54,3
652,381208,61,3
653,306121,1,1
654,425517,64,2
655,421210,32,2
656,560606,1,2
657,265710,8,3
658,261221,8,3
659,651207,24,1
660,230322,16,3
661,195115,16,3
662,450807,5,1
663,230120,24,2
664,805319,77,2
665,325405,62,2
666,820523,26,2
667,815720,26,2
668,426225,1,3
669,566219,12,3
670,590121,1,3
671,715227,10,1
672,296109,46,2
673,391029,36,3
674,275111,11,1
675,751112,50,2
676,530207,70,3
677,630524,5,3
678,335528,39,2
679,400319,8,3
680,405509,8,3
681,770115,15,3
682,791021,18,2
683,455829,76,2
684,765410,3,1
685,306213,72,3
686,716003,32,3
687,750128,32,3
688,540504,1,1
689,640802,70,2
690,421107,38,3
691,445113,38,3
692,365111,74,2
693,350317,74,2
694,360228,29,3
695,550627,28,1
696,526201,28,1
697,740501,1,3
698,540227,75,2
699,225422,26,3
700,291120,12,1
702,686107,31,2
703,590426,4,1
704,750501,54,2
705,381210,19,2
706,480805,1,1
707,411214,1,2
708,776127,50,1
709,341229,1,2
710,251128,23,1
711,635816,48,1
712,621204,54,1
713,805329,20,1
714,701008,31,2
715,525115,1,3
716,546204,1,2
717,680502,54,1
718,605228,54,1
719,740809,46,2
720,540906,29,3
721,400215,43,2
722,706125,62,1
723,575726,12,1
724,535202,65,2
725,561211,75,1
726,350213,16,3
727,305720,32,3
728,320120,32,3
729,695317,63,1
730,730814,63,1
731,795122,74,3
732,780705,74,3
733,780728,46,3
734,855114,46,3
735,731126,1,3
736,775426,1,3
737,521104,74,3
738,200326,25,1
739,420416,72,2
740,231107,55,2
741,410709,74,3
742,516015,1,1
743,410217,1,3
744,400718,26,2
745,665214,52,1
746,620416,52,1
747,535820,24,1
748,361015,25,2
749,335729,25,2
750,565929,70,2
751,590309,70,1
752,441220,72,1
753,405924,72,1
754,475604,63,1
755,471121,72,1
756,200513,31,3
757,706220,71,2
758,615726,68,3
759,550520,29,2
760,365825,57,2
762,370420,21,3
763,275824,75,3
764,556013,49,2
765,691231,65,1
766,265703,1,3
767,230616,1,3
768,315923,32,2
769,771215,40,2
772,441210,64,2
773,351030,4,1
774,730303,70,1
775,406130,51,3
776,535503,1,2
777,610520,1,2
778,400604,13,1
779,445612,69,3
780,240226,3,2
781,450920,72,2
782,635318,5,1
783,715325,27,2
784,641228,27,2
785,340909,63,1
786,780906,53,2
787,471208,3,1
788,740903,47,3
789,310921,4,1
790,675509,63,2
791,505929,68,1
793,780204,21,3
794,795716,21,3
796,190830,1,3
797,480127,8,3
798,405212,27,1
799,360219,27,1
803,510215,35,3
804,565123,35,3
806,800422,60,1
807,696021,53,3
808,631128,31,1
809,191015,49,3
810,455924,58,3
811,400528,58,3
812,401206,39,1
813,640129,70,1
814,591001,19,1
815,646027,22,2
816,585201,17,1
818,660427,54,2
819,580708,74,1
820,606106,74,1
821,480512,49,1
822,595508,37,3
823,561024,41,3
824,520905,27,2
825,770402,74,2
826,780123,1,2
827,655904,10,1
828,581210,10,1
829,570519,24,3
830,480827,69,1
831,480502,2,3
832,236223,67,3
833,600611,5,2
834,221217,54,2
835,436020,28,3
836,480614,28,3
837,741014,71,1
838,685204,71,1
839,555518,47,1
840,370426,20,2
841,810210,69,1
842,335703,12,1
843,575903,54,3
844,450114,22,3
845,535130,22,3
846,491201,35,2
847,791225,49,3
849,395606,26,2
850,690921,19,3
851,190616,25,2
852,165604,25,2
853,490602,70,3
854,416102,72,1
855,300128,58,2
856,190122,23,3
857,480221,32,2
858,595329,47,2
859,685729,1,3
860,671208,1,3
861,565913,1,3
862,520105,30,3
863,686129,54,3
864,530327,11,1
865,466103,11,1
866,756124,38,1
870,570506,70,3
871,740311,76,2
872,630222,35,1
873,440105,60,2
874,525905,14,2
875,561207,14,2
876,601125,1,2
877,275121,5,1
878,200417,5,1
879,436208,38,2
880,600217,49,3
881,755222,5,2
882,335909,70,2
883,205106,75,2
884,181014,75,2
885,230208,34,2
886,480202,34,1
887,736128,66,3
888,731026,28,2
889,816024,54,1
890,190330,77,3
891,310131,33,3
892,225524,42,2
893,356023,43,1
894,340818,75,3
895,700703,39,1
896,735424,36,1
897,810325,36,1
898,435427,38,1
899,440213,38,1
900,770410,73,1
901,191221,39,2
902,500815,23,1
903,340306,31,3
904,320208,1,3
905,401023,38,1
906,780616,65,3
907,480311,51,2
908,615307,51,3
909,750907,23,1
910,610927,1,3
911,391128,43,2
912,201029,76,3
913,381118,1,3
914,215119,1,3
915,750503,12,2
916,580629,3,2
917,735916,25,1
918,641223,26,1
921,545213,7,1
922,725816,22,2
923,780822,22,2
924,530712,1,2
925,590813,54,2
926,810122,1,1
927,741026,1,2
928,516010,66,2
929,350423,30,3
930,595825,68,3
931,680607,16,2
932,470927,3,3
933,785311,33,3
934,820819,33,3
935,465517,42,1
936,430730,42,1
937,311114,1,2
938,445807,59,1
939,520803,21,3
940,600811,53,2
941,351005,10,1
942,315902,12,3
943,360926,12,3
944,701218,39,1
945,775110,39,1
946,510806,54,2
948,240422,49,3
949,760727,3,1
950,655412,76,1
951,600917,76,1
952,515501,63,2
953,371017,25,1
954,426020,1,3
955,700128,57,1
956,661021,1,2
957,416223,56,1
958,420504,56,1
959,625912,11,2
960,575413,16,1
961,316004,15,3
962,660219,19,3
963,666217,64,1
964,536021,10,3
965,726201,13,1
966,780902,13,1
967,790620,76,1
968,570217,69,3
970,570329,36,2
971,195101,46,3
972,170506,46,3
973,706006,14,1
974,630624,14,1
975,595712,1,1
976,556119,16,3
977,265510,76,1
978,685609,56,3
979,661118,56,3
980,610930,40,1
981,600628,5,2
984,490703,20,2
985,475113,20,2
986,550516,74,2
987,520520,60,2
988,396001,40,3
989,330815,40,3
990,611224,71,1
991,410627,32,1
992,480521,19,3
993,696031,44,2
994,710427,36,2
995,736030,36,2
996,805626,1,1
997,501111,59,2
998,535628,59,2
999,665901,74,3
1000,611027,74,3
1001,470414,44,2
1002,445308,42,2
1003,376031,31,1
1004,570925,3,2
1006,425628,46,2
1007,380105,46,2
1008,560706,6,1
1009,625427,33,3
1010,550816,33,3
1011,390713,16,3
1012,665213,70,2
1013,730312,70,2
1014,310208,1,2
1015,340313,62,2
1016,405721,62,2
1017,435212,6,1
1018,450228,53,2
1019,466222,14,2
1020,775510,72,1
1021,770805,2,1
1022,400723,31,2
1023,381228,1,2
1024,560329,25,1
1025,640708,15,2
1026,790812,57,2
1027,406104,1,3
1028,341002,1,3
1029,545316,1,2
1030,471011,1,2
1031,686211,2,3
1032,386030,1,3
1033,371014,1,3
1034,746111,52,1
1035,715328,13,1
1036,761206,13,1
1037,656101,1,1
1038,615923,69,3
1039,806011,70,3
1040,600617,1,2
1041,610705,72,3
1042,665925,17,1
1043,631116,17,1
1044,715913,9,3
1045,476224,60,1
1046,750824,1,3
1047,635711,16,2
1048,746003,70,2
1049,421111,1,3
1050,715701,27,2
1051,715826,73,2
1052,640311,56,2
1053,585603,56,2
1054,240820,63,1
1055,190517,4,1
1056,630619,1,3
1057,390221,52,3
1058,755801,9,1
1059,600603,26,1
1060,576217,26,1
1062,750108,16,1
1063,765612,16,1
1064,515203,1,3
1065,571126,2,2
1066,401018,1,1
1067,520514,1,1
1068,266020,13,2
1069,385221,54,3
1070,381202,54,3
1071,250125,43,2
1072,666208,60,1
1073,240410,34,1
1074,285825,34,1
1075,345604,65,3
1076,795511,53,2
1077,200623,46,3
1078,786215,24,1
1079,610715,3,2
1080,506006,54,1
1081,701216,71,2
1082,670223,9,2
1083,371215,48,2
1084,445409,48,2
1085,326219,60,2
1086,730504,74,2
1087,785730,74,2
1088,695823,47,2
1089,391209,1,3
1090,395620,35,2
1091,405627,59,3
1092,625720,41,1
1093,765728,62,3
1094,606004,30,2
1095,540216,30,2
1096,265303,1,3
1097,300902,1,3
1098,485910,60,3
1099,796121,65,3
1100,510704,59,2
1101,460622,74,1
1102,350129,72,3
1103,510818,1,2
1104,555209,1,2
1105,420103,56,1
1106,405225,56,1
1107,610426,60,2
1108,556222,62,1
1109,315901,58,3
1110,285324,10,3
1111,790604,61,2
1112,305725,13,2
1113,760820,11,3
1114,800618,59,1
1115,205824,36,2
1116,735419,69,1
1117,766101,20,1
1118,691103,20,1
1119,805105,54,2
1120,736021,41,3
1121,390302,59,2
1122,210218,20,1
1123,225826,20,1
1124,280412,21,3
1125,345330,9,3
1126,351023,9,3
1127,741112,23,2
1128,300716,7,1
1129,310924,43,3
1130,406126,70,2
1131,476028,55,3
1132,480321,55,3
1133,585915,37,1
1134,591001,37,1
1135,520721,8,3
1136,765918,9,2
1137,775305,1,2
1138,705930,70,1
1139,730922,70,1
1140,460224,18,1
1141,415422,21,3
1142,466119,59,1
1143,460515,59,1
1145,685914,58,1
1146,651114,54,1
1147,300512,3,3
1148,410515,41,2
1149,765925,14,1
1150,455624,74,3
1151,730306,59,2
1152,810312,74,2
1153,806115,70,3
1154,240131,72,3
1155,225710,72,3
1156,336111,1,2
1157,586230,4,1
1158,545821,1,1
1159,440203,64,3
1160,385728,64,3
1161,730525,7,1
1162,755219,26,3
1163,640828,20,1
1164,595914,15,3
1165,426002,15,3
1166,590627,74,3
1167,545317,74,3
1168,780531,19,2
1169,415124,18,2
1170,770428,12,3
1171,745328,46,1
1172,235613,54,2
1173,220602,54,2
1174,705313,29,2
1175,251025,1,2
1176,185831,1,2
1177,395621,77,2
1178,716004,1,3
1179,306005,1,2
1180,441006,21,3
1181,391112,1,1
1182,466016,66,2
1183,421129,54,1
1186,475805,2,3
1187,615906,32,2
1188,680919,32,2
1189,325215,74,3
1190,765412,15,3
1191,770602,15,3
1192,255101,10,3
1193,260129,19,2
1194,395614,17,1
1195,395122,39,3
1196,430416,22,2
1197,666002,6,2
1198,755217,72,1
1199,766024,64,3
1200,316117,47,3
1201,450910,54,2
1202,806011,47,1
1204,746109,77,2
1206,570621,50,2
1207,395917,28,1
1208,755901,70,2
1209,575409,36,3
1210,611012,6,1
1211,780714,1,2
1212,275919,13,3
1213,660428,1,2
1214,401115,61,1
1215,440506,45,2
1216,455612,65,3
1217,370417,59,3
1218,800527,74,2
1219,440731,1,1
1220,536216,40,2
1221,735518,14,2
1222,396130,7,3
1223,555813,14,2
1224,380512,56,1
1225,460821,42,1
1226,515414,33,3
1227,551002,33,3
1228,495828,21,2
1229,710202,19,2
1231,655927,20,3
1232,590413,20,3
1233,421022,68,1
1234,750115,23,2
1235,795712,23,2
1236,675428,26,2
1237,231107,57,3
1238,350901,74,3
1239,765909,11,3
1240,765824,32,3
1241,426217,73,2
1242,445821,73,3
1243,746005,11,3
1244,640502,1,3
1245,790813,64,1
1246,621119,70,3
1247,696009,70,3
1248,710624,19,2
1250,525801,43,1
1251,590530,1,1
1252,535819,1,1
1253,675828,14,2
1254,395831,3,3
1255,665807,1,2
1256,556113,46,1
1257,285901,35,1
1258,240920,35,1
1259,660929,18,1
1260,455103,57,1
1261,510928,57,1
1262,520403,35,2
1263,595225,35,2
1264,766003,61,3
1265,586221,57,1
1266,526124,71,3
1267,545211,29,3
1268,490330,29,3
1269,486231,1,2
1270,300516,13,1
1271,351129,47,3
1272,440415,8,2
1273,780615,6,1
1274,760125,44,3
1275,516010,1,2
1276,425426,68,3
1277,310407,70,1
1278,780912,72,2
1279,560711,16,1
1280,520508,34,3
1281,496228,34,3
1282,361127,52,1
1283,395209,66,3
1284,430804,66,3
1285,391126,62,3
1286,505313,52,3
1287,445809,65,1
1288,720520,73,3
1289,460918,59,1
1290,760129,35,1
1291,645418,1,1
1292,770428,14,1
1293,270129,1,3
1294,305529,1,3
1295,445209,74,3
1296,595801,55,1
1297,185128,64,2
1298,210315,64,2
1299,206016,2,3
1300,791027,45,3
1303,405816,42,3
1304,360728,37,1
1305,455428,55,1
1306,226008,32,2
1307,530408,74,1
1308,540218,69,2
1309,750617,1,3
1310,775924,41,2
1311,566218,54,2
1312,355403,35,1
1313,701120,54,2
1314,755609,54,2
1315,230226,34,1
1316,466113,67,1
1317,450518,67,1
1318,310310,47,1
1321,776109,35,2
1322,455922,4,1
1323,440106,70,3
1324,565807,66,3
1325,450919,39,2
1326,565512,55,2
1327,636231,20,2
1328,375605,42,1
1329,180216,26,1
1330,680917,66,1
1331,631124,54,2
1332,576127,5,3
1333,490420,48,3
1334,780206,8,2
1335,615125,1,2
1336,621104,1,2
1337,795329,56,3
1338,830726,56,3
1339,590504,22,1
1340,395320,68,1
1341,625617,69,3
1343,395816,1,1
1344,350218,1,1
1345,680522,32,3
1346,540829,13,2
1347,700306,13,1
1348,755607,13,1
1349,685107,26,2
1350,590428,1,2
1351,515924,1,2
1352,715401,54,3
1353,590213,27,1
1354,210114,64,3
1355,765201,35,1
1356,320918,1,2
1359,515904,1,3
1360,460819,1,3
1361,225929,1,2
1362,290103,1,2
1363,796227,6,2
1364,331228,1,2
1365,385223,1,2
1366,805302,12,1
1367,656027,60,2
1368,571230,60,2
1369,781023,41,1
1370,655111,34,1
1371,486022,49,3
1372,766207,28,1
1373,755208,74,1
1375,770127,69,3
1376,580903,18,2
1377,515723,18,2
1378,416125,74,3
1379,370218,74,3
1380,535729,44,3
1382,796123,18,3
1383,821005,29,2
1384,535424,40,1
1385,530830,22,2
1386,565809,22,2
1387,775222,1,2
1388,625906,5,1
1389,275304,43,3
1390,795527,59,3
1391,651122,41,3
1392,320206,50,3
1393,345501,50,3
1394,425822,49,1
1395,411018,49,1
1396,465314,39,1
1397,216225,66,3
1401,810724,35,1
1402,361125,44,1
1403,445102,44,1
1404,686220,11,1
1406,486112,29,2
1407,410804,29,2
1408,690807,49,3
1409,510430,25,1
1410,440203,18,2
1411,395806,18,2
1412,791105,6,2
1413,695716,11,2
1414,746113,70,1
1416,271202,19,3
1417,666112,27,3
1418,745616,41,1
1419,185125,74,3
1420,160120,74,3
1421,565210,20,1
1422,765223,69,1
1423,820411,69,1
1424,520105,8,1
1425,680827,12,1
1426,645430,12,1
1427,656216,14,3
1428,200423,12,2
1429,275904,12,2
1430,825529,64,1
1431,306108,55,3
1432,615817,16,1
1433,595710,72,1
1434,670325,72,1
1435,530625,52,1
1438,636025,29,1
1439,740910,29,3
1440,780117,1,1
1441,316205,42,3
1442,330418,42,3
1443,350125,29,2
1444,425714,29,2
1445,410724,68,2
1446,540729,70,2
1447,525621,70,2
1448,576009,50,1
1449,490629,41,3
1450,695317,61,2
1452,405528,72,1
1453,665329,29,2
1454,251003,73,3
1455,275902,73,3
1456,280424,70,1
1457,346012,70,1
1458,380408,67,3
1459,760908,4,1
1460,335313,23,3
1461,691221,28,2
1462,410302,49,2
1463,365126,70,3
1464,285401,36,3
1465,310106,36,3
1466,530822,39,1
1467,240930,65,1
1468,405416,77,3
1469,665914,54,2
1470,420504,1,2
1471,385915,1,2
1472,675910,1,2
1473,316206,1,3
1474,716215,45,3
1475,320331,19,2
1476,701130,70,2
1478,690821,4,3
1479,560622,1,1
1480,430528,69,1
1481,336123,62,1
1482,505328,46,3
1483,515510,1,2
1484,520618,1,2
1485,780514,7,3
1486,745913,7,3
1487,765827,48,2
1488,610109,31,1
1489,280124,6,1
1490,280420,42,3
1491,820421,19,2
1492,685509,9,1
1493,221229,1,1
1494,155322,1,1
1495,315210,1,1
1496,425608,1,3
1497,485803,53,3
1498,410209,53,3
1499,516129,74,1
1500,811212,1,1
1501,460122,68,3
1502,730124,68,1
1503,220901,58,2
1504,185116,58,2
1505,715625,65,2
1506,310625,22,3
1507,296122,22,3
1508,545630,67,1
1509,425419,62,2
1510,485130,34,1
1511,625306,13,1
1512,425811,5,2
1513,590821,74,1
1514,570802,68,1
1516,466017,38,2
1517,561002,66,3
1518,605728,3,2
1519,590706,3,2
1520,561105,72,3
1521,791010,5,2
1522,685514,52,1
1523,315830,29,2
1524,625113,30,2
1525,430309,1,2
1526,355315,1,2
1527,341218,49,2
1528,640320,57,3
1529,725620,43,3
1530,455806,74,3
1531,605628,52,3
1532,621030,52,3
1533,601222,55,1
1534,526222,17,3
1535,361028,40,1
1536,676013,37,3
1537,791207,54,2
1539,231119,32,3
1540,371107,36,1
1541,335306,36,1
1542,191208,31,1
1543,275602,31,1
1546,300413,28,1
1547,276220,28,1
1548,230304,70,2
1549,286114,70,2
1550,466121,8,1
1554,441215,55,3
1555,500914,30,1
1556,500402,66,1
1557,596214,35,1
1558,275125,11,2
1559,401020,72,1
1561,235916,1,3
1562,190814,1,3
1563,780806,3,1
1564,475625,40,2
1565,600519,71,2
1566,666020,15,3
1567,300419,50,2
1568,275629,50,2
1569,565717,54,2
1570,580617,54,2
1571,676015,7,1
1572,636212,1,1
1574,790218,18,3
1575,236006,55,1
1576,190502,55,1
1577,440419,23,2
1578,715815,40,3
1579,631013,27,2
1580,685618,1,3
1581,635415,56,1
1582,340214,54,1
1583,725108,1,1
1584,625129,1,1
1585,350720,60,1
1586,345112,60,1
1587,280505,23,1
1588,501029,45,2
1589,516127,48,3
1590,405810,13,2
1591,535707,42,3
1592,280411,56,2
1593,255531,56,2
1594,390929,56,3
1595,546216,56,3
1596,786022,58,3
1597,560510,60,2
1598,250425,67,3
1599,641008,43,2
1600,655615,43,2
1601,695329,42,1
1602,681230,42,1
1603,680827,26,3
1604,695721,26,3
1605,805921,52,1
1606,820902,65,1
1607,415526,8,1
1608,411111,53,3
1609,445530,53,3
1610,425423,68,2
1611,636202,59,3
1612,590630,59,3
1613,610115,50,2
1614,380518,21,3
1615,525428,74,3
1616,380523,54,2
1617,505430,5,1
1618,796207,17,3
1619,425127,74,2
1620,360515,74,2
1621,525405,76,3
1622,501012,52,3
1623,630709,36,3
1624,650910,9,1
1625,735712,9,1
1628,575325,12,3
1629,660901,28,1
1630,645219,28,1
1631,760430,74,2
1632,435220,8,1
1633,725828,55,2
1634,691110,55,2
1635,305902,75,1
1636,320912,75,1
1637,431020,21,2
1638,545130,40,2
1639,595501,1,3
1640,535613,51,2
1641,235128,31,1
1642,596010,1,3
1643,765417,39,2
1644,760606,56,2
1645,615310,39,3
1646,660317,8,3
1647,785326,71,2
1648,520312,46,3
1649,505316,46,3
1650,530329,1,1
1651,665710,11,2
1653,440619,42,1
1654,631208,60,3
1655,720204,74,3
1656,685618,22,2
1657,351002,32,2
1658,295821,52,1
1659,376215,1,3
1660,826211,1,2
1661,535416,47,1
1662,670907,53,2
1663,570429,19,1
1664,186110,64,2
1665,120302,64,2
1666,410831,1,2
1667,405813,1,2
1668,495817,20,1
1669,521025,47,3
1670,610507,53,2
1671,315915,57,2
1672,280107,57,2
1673,720709,48,3
1674,206027,11,3
1675,400215,74,3
1676,530203,53,3
1677,465907,53,3
1679,425417,67,1
1680,755328,29,1
1681,401125,34,3
1682,560907,69,2
1683,516224,15,1
1684,461025,15,1
1685,445421,61,2
1686,476108,1,2
1687,470227,1,2
1688,230810,32,2
1689,361204,1,1
1690,475817,46,2
1691,785208,21,2
1692,720207,62,1
1693,805706,45,2
1694,791227,45,2
1696,235321,1,2
1697,645110,55,2
1698,671121,55,2
1699,550311,17,1
1700,490309,7,2
1701,455611,7,2
1702,735407,53,3
1703,180111,50,3
1704,146003,50,3
1705,465701,19,3
1706,440719,19,3
1707,510218,10,2
1709,526213,74,3
1710,440211,54,1
1711,625614,64,3
1712,640101,64,3
1713,350421,65,1
1714,450522,58,3
1717,795307,73,1
1718,380727,75,2
1719,700809,35,2
1720,345224,33,1
1721,340702,33,1
1722,331001,68,1
1723,815228,71,2
1724,346021,68,3
1725,595118,76,2
1726,520603,76,2
1727,510121,32,3
1728,465818,32,3
1729,470516,76,2
1730,321215,40,3
1731,686130,17,2
1733,745720,57,3
1734,751110,26,3
1735,765531,26,3
1736,795417,41,1
1737,550730,27,2
1738,635125,27,2
1741,320702,70,1
1742,540606,1,2
1743,590727,3,2
1744,696228,50,1
1745,596018,23,2
1746,595910,11,1
1747,560220,11,1
1748,761231,64,1
1749,286117,50,3
1750,641231,23,1
1751,590124,54,2
1752,781123,70,2
1753,795226,60,3
1754,790529,57,1
1755,655818,65,3
1756,360708,1,3
1757,375930,1,3
1758,471113,35,2
1759,235116,63,3
1760,230307,77,3
1761,480423,45,3
1762,561230,61,3
1763,671207,46,3
1764,710709,66,3
1765,750803,9,1
1768,510427,29,1
1769,490805,12,3
1770,516015,12,3
1771,276020,54,2
1772,795921,73,3
1774,716005,32,2
1775,431208,73,3
1776,546024,30,3
1777,635108,69,2
1778,680902,69,2
1779,351126,37,1
1780,546209,54,1
1781,240816,67,3
1782,481224,19,1
1783,466005,1,2
1784,806102,2,2
1785,751125,39,3
1786,345625,63,2
1787,311128,63,2
1788,500323,1,3
1789,335807,61,2
1790,530528,1,2
1791,665512,5,2
1792,750901,54,1
1793,455317,41,2
1794,405330,54,3
1795,605228,38,2
1796,381123,10,3
1797,416104,10,3
1798,330708,70,2
1799,590626,36,2
1800,435928,63,2
1801,700101,66,2
1802,646016,66,2
1803,465512,25,3
1806,520103,5,1
1807,350630,47,2
1808,335626,47,2
1809,310512,24,1
1810,190630,41,2
1811,390329,1,2
1812,475517,36,3
1813,490928,36,3
1814,400312,57,1
1815,775224,16,2
1816,510724,62,3
1817,536206,47,2
1818,561002,47,2
1819,795420,43,2
1820,286120,50,2
1821,410424,1,1
1822,225913,71,3
1823,785807,1,1
1824,600803,69,2
1825,745424,51,2
1826,370912,13,1
1827,415816,13,1
1828,621114,69,1
1829,425816,51,1
1830,520203,33,3
1831,761009,51,2
1832,665731,1,1
1833,661115,30,1
1834,270219,7,2
1835,285311,7,2
1836,445307,36,2
1837,570113,67,2
1838,596127,67,2
1839,366218,5,3
1840,351028,5,3
1841,535323,67,1
1842,430913,9,2
1843,395125,48,2
1844,225203,74,2
1845,181114,74,2
1846,801212,48,3
1847,795130,52,2
1848,245702,6,1
1849,225924,57,3
1850,425705,52,2
1851,755912,31,2
1852,620905,50,2
1853,650818,1,3
1854,325527,70,2
1856,685822,54,1
1857,640316,54,1
1860,646031,1,2
1861,570715,29,2
1862,776009,50,2
1863,520216,54,2
1864,480314,22,3
1865,495609,22,3
1866,425611,64,3
1867,445924,1,1
1868,800216,60,2
1869,335214,1,2
1870,350429,1,2
1871,805220,1,2
1872,635124,52,3
1873,681026,52,3
1874,461020,1,2
1875,761019,15,2
1876,510701,1,1
1877,575821,47,2
1878,630902,47,2
1879,445402,21,3
1880,740808,1,2
1881,340124,72,1
1882,325524,72,1
1883,616027,18,3
1884,765126,59,3
1885,705107,47,1
1886,200407,34,1
1887,260715,54,2
1888,185924,66,3
1889,575728,32,3
1890,555814,14,2
1891,595304,62,2
1892,280326,66,3
1893,345211,66,3
1894,476105,1,3
1895,656103,47,2
1896,820208,48,1
1897,695307,36,1
1898,610801,73,1
1899,410703,10,1
1900,651122,23,3
1901,626107,23,3
1903,395830,1,2
1904,410222,66,2
1905,495518,72,1
1906,220707,63,3
1907,285908,75,3
1908,200117,33,3
1909,445316,35,3
1910,461108,67,3
1911,385421,48,1
1912,720226,57,1
1913,680415,69,1
1914,425620,39,1
1915,390909,39,1
1916,260719,28,3
1917,695313,69,3
1919,490504,30,3
1920,750807,42,1
1921,466026,1,3
1922,490403,1,3
1923,585507,1,3
1924,380529,67,1
1925,380623,37,3
1926,355208,37,3
1927,520426,77,3
1928,525814,77,3
1929,555815,65,1
1930,345221,38,3
1931,426114,16,3
1932,405121,15,3
1934,336121,70,2
1935,295512,68,2
1936,556016,15,2
1937,600327,15,2
1938,395930,57,2
1939,250814,1,1
1940,235122,1,1
1941,215712,10,3
1942,150510,10,3
1943,260211,39,1
1944,575122,31,2
1945,540603,54,2
1946,350719,72,1
1947,810208,23,2
1948,395219,71,3
1949,420623,71,3
1950,290706,26,2
1951,710429,41,1
1952,715309,52,1
1953,650922,52,1
1954,520728,69,2
1955,716028,66,2
1956,255709,1,3
1957,720304,63,3
1958,776121,63,3
1959,201226,1,3
1960,460823,22,1
1961,205604,31,3
1962,501118,6,1
1963,450612,38,1
1964,310805,17,3
1965,390810,75,3
1966,485701,19,1
1967,636115,1,1
1968,600813,1,1
1969,265826,53,1
1970,476105,1,2
1971,695314,3,1
1972,465429,1,3
1973,315913,60,3
1974,180714,10,1
1975,155927,10,1
1976,181012,72,1
1977,356025,10,3
1978,525522,18,2
1979,265319,51,1
1980,590430,77,3
1981,705922,19,3
1982,770708,53,2
1983,825205,53,2
1984,260829,1,3
1985,371213,6,2
1986,425813,6,2
1988,520504,13,1
1989,395113,50,2
1990,431125,50,2
1991,181109,64,1
1993,750621,1,1
1994,675706,1,1
1995,415410,50,3
1996,370320,1,1
1997,776109,1,2
1998,786215,40,1
1999,825210,74,1
2000,425509,39,2
2001,775805,34,2
2002,186126,70,2
2003,210615,70,2
2004,745203,1,1
2005,791003,30,3
2006,625822,41,3
2007,580913,41,3
2008,400607,47,2
2009,360116,12,3
2010,520812,37,1
2011,256118,46,1
2012,230627,46,1
2013,405710,1,1
2015,686115,1,3
2016,341009,55,1
2017,315123,55,1
2018,455825,56,1
2019,320928,73,1
2020,256220,73,1
2021,191208,67,3
2022,391112,56,3
2023,315902,56,3
2024,340415,62,2
2025,411231,39,2
2026,346203,39,2
2027,300122,12,3
2028,246017,12,3
2029,235919,5,1
2030,805804,5,1
2031,261215,54,2
2032,430321,1,3
2033,375702,1,3
2034,260612,13,2
2035,285727,13,2
2037,485826,69,2
2038,805329,1,3
2039,695120,68,2
2040,440807,59,3
2041,560811,68,1
2042,820704,49,1
2043,545915,77,2
2044,615918,32,3
2045,560822,28,2
2046,525826,28,2
2047,435725,11,3
2048,285603,23,3
2049,270220,70,2
2050,325523,70,2
2051,186207,74,2
2052,140519,74,2
2053,180207,16,2
2054,481206,48,3
2055,765831,56,2
2056,781209,1,2
2057,765102,6,3
2058,710302,76,2
2059,720630,43,3
2060,715604,43,3
2061,530727,63,3
2062,545522,63,3
2063,505926,68,3
2064,260730,53,3
2065,780820,64,2
2066,721027,1,3
2067,791020,56,3
2068,305524,72,3
2069,235101,70,1
2070,725723,70,1
2071,731219,1,2
2072,445209,75,3
2073,560208,22,3
2074,615916,24,3
2075,220129,74,1
2076,575207,63,1
2077,305301,44,1
2078,785803,10,1
2079,255529,72,2
2080,631226,60,2
2081,726106,46,3
2082,330204,67,2
2083,430312,71,2
2084,295216,1,1
2085,281128,1,1
2086,546029,35,2
2087,770929,68,1
2088,485826,32,1
2089,675609,70,3
2090,701007,70,3
2091,285117,48,1
2092,450321,72,2
2093,700624,48,3
2094,755906,48,3
2095,740430,9,2
2096,745906,74,2
2097,361111,53,2
2098,395528,53,2
2099,180116,1,1
2100,315929,33,2
2101,350624,33,2
2102,410527,51,1
2103,445204,18,3
2104,480108,37,1
2105,475718,42,3
2106,215321,74,3
2107,230418,74,3
2108,455421,77,1
2109,505514,15,3
2110,676103,3,1
2111,245529,57,1
2112,270915,21,3
2113,370404,68,3
2114,180821,51,1
2115,145301,51,1
2116,300614,76,1
2117,450228,53,3
2118,701112,1,3
2119,605518,30,3
2121,790925,64,3
2122,705717,1,2
2123,820517,53,3
2124,495114,68,2
2125,750412,71,1
2126,755328,52,1
2128,555813,38,1
2129,621207,75,2
2130,456029,21,2
2131,755211,39,3
2132,690206,39,3
2133,216128,53,1
2134,171214,53,1
2135,405808,24,2
2136,405724,28,1
2137,626109,73,1
2138,801219,68,2
2139,325306,18,3
2140,261018,18,3
2141,510906,28,1
2142,416220,21,3
2143,481112,21,3
2144,605128,15,2
2145,686224,39,2
2146,730104,65,2
2147,635814,69,1
2148,535720,31,3
2149,235409,33,3
2150,410417,61,1
2151,456230,61,1
2152,295907,17,2
2153,495516,36,3
2154,576128,60,1
2155,580610,15,1
2156,666227,33,2
2157,451117,11,3
2158,810506,10,1
2159,305123,74,3
2160,450531,70,1
2161,205306,1,1
2162,130912,1,1
2163,180408,52,3
2164,411029,47,2
2165,455302,47,2
2166,475722,30,3
2167,811213,1,2
2168,635712,46,3
2169,710101,46,3
2170,420430,70,3
2171,581128,1,2
2172,295821,7,2
2173,516217,56,1
2174,525808,74,1
2175,425103,53,2
2176,460716,18,2
2177,425530,24,3
2178,390809,46,2
2179,396027,9,1
2180,726017,51,3
2181,680722,46,3
2182,296201,75,1
2183,310821,75,1
2184,700707,24,3
2185,575620,20,3
2186,425726,48,3
2187,330312,40,2
2188,255825,40,2
2189,626115,21,2
2190,741022,28,3
2191,795804,28,3
2192,565412,1,2
2193,520726,1,2
2194,615822,50,3
2195,425913,68,1
2196,555216,31,1
2197,626210,47,2
2198,205222,17,3
2199,111209,17,3
2200,530731,66,1
2201,290223,44,2
2202,285817,44,2
2203,391001,10,3
2204,465819,54,1
2205,521212,55,3
2206,645604,10,1
2207,615217,70,1
2208,590109,70,1
2209,275613,30,2
2210,330423,30,2
2211,205224,3,2
2212,720527,52,3
2213,681107,3,2
2214,461107,5,2
2215,250129,10,3
2216,725704,1,1
2217,740220,1,1
2218,681108,43,3
2219,646128,43,3
2220,525217,20,2
2221,450315,20,2
2222,345803,1,1
2223,435524,70,2
2224,321004,54,1
2225,606106,4,2
2226,646009,74,1
2227,750725,42,1
2228,405320,43,2
2229,440907,68,1
2230,690531,5,3
2231,716013,21,3
2232,670527,36,1
2233,646224,36,1
2235,405420,14,1
2236,785627,44,2
2237,581003,47,2
2238,545219,47,2
2239,765109,6,2
2240,325312,47,3
2241,261230,47,3
2242,765605,1,1
2243,800704,1,1
2246,535801,55,2
2247,785113,35,1
2248,751024,7,2
2249,456207,32,3
2250,386208,34,2
2251,716013,26,3
2252,651115,37,1
2253,575909,37,1
2254,276209,72,3
2255,235824,50,2
2256,740605,70,2
2257,795831,62,3
2258,791103,62,3
2259,505102,19,1
2260,625422,62,3
2261,561113,62,3
2263,340817,1,2
2264,430508,4,2
2265,770918,52,2
2266,390123,16,1
2267,665410,1,2
2268,381226,10,3
2269,636110,48,1
2270,605421,61,2
2271,641107,61,2
2274,641014,9,3
2275,655724,9,3
2276,325427,44,2
2277,790325,1,2
2278,210701,76,2
2279,531106,52,2
2280,745424,10,1
2281,785606,76,1
2282,730311,60,3
2283,610809,1,2
2286,666126,54,3
2287,791021,47,3
2288,575823,32,1
2289,540821,32,1
2290,545530,31,3
2291,570919,6,2
2292,211110,59,2
2293,691122,1,1
2294,526227,32,2
2295,395228,22,1
2296,420613,22,1
2297,650118,48,2
2298,695515,48,2
2299,405220,6,1
2300,615707,35,2
2301,601219,35,2
2302,570126,74,3
2303,395401,61,3
2304,390211,61,3
2305,495610,70,2
2306,430821,70,2
2307,230906,26,3
2308,746031,27,3
2309,765513,15,3
2310,390723,40,1
2311,356001,40,1
2312,755215,11,3
2313,801029,70,3
2314,596216,34,3
2315,631008,34,3
2316,700325,1,2
2317,760222,1,2
2318,235919,20,2
2319,705516,40,2
2320,510523,60,2
2321,685112,68,3
2322,280611,15,2
2323,425629,48,3
2324,780716,27,2
2325,555203,2,2
2326,456214,72,1
2327,191027,73,1
2328,681002,24,1
2329,730102,18,1
2330,486117,40,1
2331,575531,42,3
2332,496222,60,1
2333,491012,60,1
2335,345328,66,2
2336,220717,12,3
2337,175409,12,3
2338,575725,58,3
2339,561206,58,3
2340,530502,42,3
2341,475713,42,3
2342,481218,70,2
2343,590318,1,1
2344,245427,3,3
2345,420719,33,3
2346,476025,33,3
2347,436217,35,3
2348,330424,35,1
2349,685710,46,1
2350,670609,46,1
2351,650417,38,2
2352,775929,70,3
2353,295917,4,3
2354,671221,1,2
2355,485630,6,1
2356,300710,52,1
2357,375110,52,1
2358,466016,74,3
2359,530701,74,3
2361,680924,9,2
2362,745902,9,2
2363,470618,43,3
2364,715426,56,1
2365,535626,46,2
2366,300101,35,3
2367,315405,35,3
2368,436222,64,1
2369,401219,64,1
2370,565821,41,3
2371,565207,70,3
2372,715409,23,2
2373,540119,15,3
2374,680727,9,1
2375,655725,72,2
2376,640819,72,2
2377,501117,49,3
2378,535313,63,1
2379,645619,33,1
2380,270817,40,3
2381,316011,40,3
2382,276025,62,3
2383,475101,31,2
2384,461217,31,2
2385,330505,13,1
2386,345310,13,1
2387,455716,77,2
2388,710729,42,1
2389,240720,25,3
2390,380513,57,2
2391,420124,1,1
2392,550521,26,2
2393,765823,16,2
2394,620604,5,1
2395,530311,8,3
2396,495829,41,3
2397,180714,46,2
2398,555825,71,2
2399,435502,42,2
2400,590410,19,3
2401,485126,26,2
2402,481026,41,3
2403,635125,1,3
2404,775705,27,1
2405,750821,27,1
2406,566006,49,2
2407,750827,51,3
2408,405428,6,3
2409,640527,54,2
2410,735208,73,3
2411,680817,73,3
2412,801026,20,1
2413,610809,46,2
2414,505713,54,2
2415,570424,54,2
2416,546223,72,1
2417,385621,48,3
2418,536227,1,3
2419,545623,1,2
2420,725606,48,3
2421,701110,48,3
2422,765609,68,2
2423,570709,42,1
2424,201110,54,2
2425,775718,6,2
2426,270609,74,1
2427,346130,74,1
2428,465627,1,1
2429,731122,70,3
2430,371028,5,2
2431,661010,75,2
2432,245308,27,1
2433,640619,32,1
2434,455524,42,1
2435,436018,16,3
2436,345806,25,1
2437,361227,45,2
2438,465919,52,1
2439,441126,52,1
2440,350909,17,2
2441,281006,1,1
2442,275708,1,1
2443,490523,75,3
2444,340826,4,1
2445,690226,54,1
2447,721007,68,3
2448,715701,68,3
2449,671228,1,3
2450,755517,54,2
2451,391206,42,3
2452,525607,64,2
2453,240113,13,3
2454,405904,69,1
2455,191104,72,3
2456,236204,72,3
2457,400817,68,2
2458,325809,68,2
2459,745722,20,1
2460,635105,19,3
2461,670402,64,2
2462,340606,19,1
2463,441217,7,3
2464,450901,30,2
2465,731017,51,2
2467,465516,36,3
2468,650318,71,2
2469,575910,54,1
2470,430614,53,3
2471,425105,53,3
2472,765329,70,2
2473,766017,20,1
2474,570406,42,1
2475,825202,44,3
2476,575216,75,2
2477,520614,75,2
2478,405524,48,2
2479,595331,31,1
2480,766208,46,2
2481,480622,6,1
2482,250107,34,1
2483,296230,34,1
2484,691221,68,1
2485,330515,20,2
2486,616005,76,2
2487,675925,67,3
2488,805922,9,2
2489,755128,64,2
2490,615326,61,3
2491,395320,5,2
2492,431213,5,2
2493,621009,1,3
2494,710106,37,3
2495,396214,58,2
2496,720707,1,1
2497,625406,34,1
2498,800312,37,2
2499,440804,13,3
2500,465820,24,1
2501,406204,70,1
2502,355313,1,3
2503,775923,54,2
2504,500109,61,2
2505,605430,25,1
2506,760927,76,1
2507,525826,37,1
2508,655807,72,2
2509,710206,72,2
2510,595610,72,2
2511,755327,35,1
2512,740727,35,1
2513,410508,41,2
2514,570211,59,1
2515,580603,12,2
2516,425105,33,2
2517,240909,18,1
2518,215507,18,1
2519,705806,29,2
2520,440730,62,2
2521,475330,55,2
2522,370908,74,3
2523,376202,74,3
2524,590731,36,2
2525,525710,36,2
2526,640726,1,3
2527,475731,44,2
2528,770216,25,3
2529,390622,70,2
2530,500211,8,2
2531,545124,5,1
2532,370509,29,1
2533,295717,40,1
2534,430110,1,3
2535,450110,1,2
2536,611022,64,1
2537,571010,73,2
2538,800223,56,3
2539,725121,32,2
2540,810626,46,2
2542,441219,3,3
2543,525827,3,3
2545,535928,9,3
2546,616203,41,1
2547,536029,48,1
2548,531006,48,3
2549,235505,70,1
2550,766012,1,1
2551,395811,70,3
2552,645124,74,3
2553,761124,34,2
2554,410920,64,1
2555,630923,42,2
2556,515210,44,1
2557,570218,7,1
2558,590118,30,2
2559,655331,8,2
2560,745620,70,2
2561,450726,48,2
2562,521101,42,1
2563,710908,74,2
2565,460522,64,3
2566,635325,29,3
2567,430530,64,2
2568,385611,64,2
2569,480401,69,3
2570,475619,69,3
2571,795425,43,1
2572,531008,1,3
2573,655310,1,1
2574,325422,29,2
2576,795516,46,3
2577,180107,70,2
2578,540708,76,3
2579,355102,11,3
2580,350307,11,3
2581,536119,52,1
2582,381215,51,1
2583,370617,75,1
2584,446215,4,1
2585,715828,75,3
2586,660514,8,1
2587,735103,8,1
2588,580519,33,3
2589,630217,21,2
2590,646019,42,1
2591,600227,42,1
2592,805831,1,1
2593,770610,1,1
2594,630731,55,1
2596,611008,31,1
2597,695806,28,2
2598,651025,28,2
2599,460109,1,1
2600,235417,7,1
2601,610725,37,3
2602,665820,37,3
2603,726103,38,3
2604,260711,22,3
2605,255417,22,3
2606,430104,31,1
2607,430327,63,1
2608,435915,58,3
2609,770509,1,3
2610,805503,1,3
2611,381109,77,1
2612,750203,38,2
2613,771026,1,1
2614,460314,72,3
2615,455826,64,1
2616,700707,50,1
2617,625626,50,1
2618,420814,17,2
2619,695709,63,3
2620,680718,63,3
2621,560509,51,2
2622,730607,71,3
2623,655716,16,1
2625,721007,57,1
2626,400214,1,2
2628,316105,1,2
2629,311203,1,2
2630,375820,64,3
2631,700521,18,2
2632,635225,18,2
2633,675712,1,3
2635,666210,67,1
2636,181024,28,3
2637,350606,64,2
2638,420107,1,1
2639,505304,45,3
2640,510129,45,3
2642,730904,22,3
2643,465107,54,2
2644,645323,6,3
2645,200422,67,3
2646,375607,63,3
2647,400326,9,1
2648,346010,9,1
2650,750305,75,3
2651,696127,75,3
2652,495509,41,2
2653,500125,1,1
2654,396008,59,1
2655,630812,44,1
2656,550915,54,1
2657,480709,73,1
2658,330121,11,3
2659,410524,46,2
2661,616017,1,3
2662,780829,1,1
2663,761001,8,1
2666,355706,47,3
2667,720101,9,3
2668,755209,9,3
2669,270508,51,3
2670,360913,45,2
2671,725422,35,2
2672,405326,7,3
2673,590716,65,3
2674,526003,65,3
2675,240122,31,1
2676,610601,61,3
2677,220524,33,3
2678,185515,33,3
2679,380930,1,2
2680,455902,1,2
2681,715104,45,2
2682,750114,45,2
2683,295613,48,3
2684,535211,74,3
2685,695621,73,2
2686,515324,19,2
2687,490822,19,2
2688,676024,60,1
2689,230117,16,1
2690,716225,58,2
2691,640517,47,3
2692,250530,44,3
2693,765804,46,3
2694,276006,15,1
2695,290516,15,1
2696,470904,2,2
2697,485814,2,2
2698,706007,31,2
2699,770223,31,2
2700,450222,34,2
2701,520329,1,1
2702,190226,7,3
2703,735312,2,2
2704,495522,1,3
2705,240430,43,2
2706,670702,3,2
2707,690523,45,1
2708,580812,73,2
2709,460614,26,1
2712,560117,25,2
2713,620902,36,3
2714,705306,6,1
2715,570704,7,2
2716,695713,25,1
2717,300428,46,3
2718,326222,46,3
2719,646030,29,2
2720,495905,1,2
2721,505626,24,1
2724,750301,35,3
2726,735728,1,3
2727,680205,1,3
2728,220813,74,2
2729,660828,1,2
2730,470318,52,2
2731,271208,38,3
2732,535916,57,3
2733,276111,3,1
2734,341112,3,1
2735,280731,64,1
2736,585215,1,3
2738,510425,1,3
2739,500126,13,1
2740,676123,36,3
2741,306129,41,2
2742,485827,65,3
2743,396004,50,2
2744,430222,50,2
2745,395807,54,2
2746,710225,1,3
2747,361014,6,3
2748,366006,6,3
2749,215304,14,1
2750,130713,14,1
2751,575124,68,1
2752,710809,48,3
2754,785524,66,2
2755,705323,1,2
2756,195928,31,3
2758,460714,1,1
2759,740126,2,3
2760,756212,68,1
2761,775929,1,3
2762,535423,29,1
2765,815420,36,3
2766,590915,70,1
2767,545604,70,1
2768,640402,1,3
2769,370515,69,1
2770,540708,1,2
2771,201025,37,1
2772,235108,37,1
2773,195913,49,2
2774,210223,49,2
2775,785709,41,2
2776,345607,31,3
2777,705328,46,1
2778,640516,57,1
2779,480504,29,1
2780,475116,29,1
2781,606122,46,2
2782,400913,31,3
2783,400620,1,2
2784,585725,36,3
2785,620729,22,1
2786,511102,24,1
2787,766014,41,2
2788,516021,49,2
2789,516225,1,1
2790,750210,16,2
2791,211010,60,3
2794,650122,18,1
2795,685413,18,1
2796,740625,15,3
2797,501105,28,2
2798,310627,65,1
2799,616202,4,1
2800,490826,2,3
2801,190218,75,1
2802,666129,1,3
2803,311012,68,2
2804,366110,68,2
2805,640713,73,2
2806,555701,58,2
2808,745331,8,2
2809,790214,33,2
2810,710728,72,2
2811,466207,1,1
2812,705502,55,2
2813,410410,70,2
2814,735210,19,2
2815,300630,35,1
2816,385315,35,1
2817,775219,1,3
2818,630412,54,3
2819,800812,8,1
2820,661217,77,3
2821,806101,45,3
2822,581019,50,2
2823,466218,70,2
2824,410905,39,2
2825,580329,65,2
2826,350128,59,3
2827,230213,63,2
2828,495710,14,1
2829,396227,33,1
2830,741114,51,2
2831,805709,68,2
2832,270723,13,1
2833,235709,13,1
2834,490523,52,1
2835,660127,27,1
2836,195921,38,1
2837,270521,38,1
2838,650309,65,2
2839,285705,72,1
2840,340514,72,1
2841,735410,18,2
2842,580617,74,3
2843,666006,70,3
2844,621119,51,3
2845,520902,7,2
2846,695317,1,2
2847,425725,34,1
2848,390220,34,1
2849,280402,19,1
2850,700820,7,2
2851,390810,54,2
2852,425628,26,2
2853,565425,28,1
2854,490601,16,3
2855,575726,16,3
2856,231111,47,2
2857,270203,33,1
2858,265212,42,2
2859,285924,68,3
2860,580331,28,2
2862,646007,49,2
2863,680305,49,2
2864,525409,51,3
2865,481118,15,2
2866,496030,15,2
2867,605123,1,3
2868,331214,14,1
2869,750805,1,3
2870,591128,29,2
2871,676123,71,2
2872,336027,77,3
2873,755324,16,3
2874,720910,34,1
2875,360817,46,2
2876,770107,1,1
2877,320429,59,1
2878,470417,68,1
2879,770110,40,3
2880,521230,60,1
2881,675321,12,1
2882,311214,70,2
2883,530226,30,2
2884,586010,40,1
2885,656004,1,3
2886,581003,1,3
2887,615129,2,2
2888,785909,1,2
2889,431205,25,3
2890,511011,62,3
2891,575723,62,3
2892,415321,3,2
2893,276102,2,3
2894,485725,70,1
2895,775517,70,1
2896,755516,1,2
2897,250718,40,2
2898,206017,40,2
2899,180518,16,1
2900,230322,18,2
2901,395109,25,3
2902,595703,8,2
2903,591126,8,2
2904,465518,64,1
2905,510707,64,1
2906,341216,5,3
2907,325922,5,3
2908,710228,1,3
2909,361009,26,2
2910,360928,76,2
2911,320925,45,1
2912,255728,45,1
2913,621227,44,3
2915,545222,33,2
2916,720930,1,1
2917,400118,16,3
2918,670521,5,3
2919,705908,5,3
2920,625623,44,3
2921,766220,64,1
2922,400907,43,1
2923,775321,35,2
2924,415206,18,3
2925,470908,18,3
2926,340211,27,1
2927,296228,27,1
2928,320302,38,1
2929,580310,1,1
2930,410322,41,1
2932,405711,1,3
2933,421212,72,3
2934,485427,72,3
2935,445502,61,1
2936,455311,3,1
2937,490701,74,1
2938,215601,8,1
2939,180213,8,1
2940,651016,1,2
2941,510312,38,1
2942,665603,67,1
2943,805628,1,3
2944,435823,71,2
2945,210602,74,1
2946,265123,74,1
2947,575518,19,2
2948,781120,47,1
2949,430925,14,2
2950,440606,46,2
2951,505831,76,3
2952,785117,52,2
2953,360707,3,1
2954,595812,38,2
2955,520716,38,2
2956,390806,23,1
2957,780307,23,1
2958,750507,48,2
2959,571119,54,2
2960,281219,1,2
2961,336228,1,2
2962,381110,1,1
2963,395329,1,1
2964,781127,8,3
2965,185207,30,2
2966,550220,65,1
2967,615115,53,3
2968,620824,40,1
2969,230422,55,3
2970,225406,55,3
2971,776203,1,1
2972,760114,1,3
2974,515712,56,2
2975,435318,33,1
2976,225803,57,1
2977,630206,39,2
2978,485305,33,2
2979,616222,4,2
2980,740614,11,1
2981,495205,16,2
2982,735323,6,3
2983,670723,6,3
2984,635524,60,2
2985,600413,60,2
2986,520515,14,1
2987,465601,14,1
2988,610521,33,2
2989,495201,17,2
2990,385402,32,2
2991,410731,32,2
2992,660507,11,2
2994,630722,18,1
2995,415615,35,2
2996,650129,1,3
2997,415309,1,3
2998,610402,1,3
2999,795324,74,3
3000,285402,41,1
3001,581007,1,3
3002,555513,42,3
3003,735512,69,2
3004,710713,69,2
3005,310629,43,3
3006,735808,22,1
3007,640411,76,2
3008,191219,73,2
3009,575803,62,2
3010,600112,62,2
3011,550919,74,3
3012,556110,70,1
3013,505318,51,3
3014,531105,51,3
3015,520229,73,3
3016,770823,40,2
3017,410514,2,2
3018,780128,61,3
3019,690923,30,3
3020,425827,32,2
3021,610824,1,1
3022,545922,1,1
3023,590404,16,3
3024,290308,60,2
3025,326227,60,2
3026,470325,22,2
3027,590725,62,2
3028,325423,34,2
3029,700508,43,1
3030,765510,68,3
3031,655905,40,3
3032,590410,40,3
3035,641102,27,3
3036,415331,16,2
3037,420104,64,3
3038,465305,6,1
3039,695601,55,1
3041,275424,4,2
3042,685214,18,1
3043,516115,63,1
3044,451007,36,2
3045,505318,10,3
3046,255122,1,2
3047,751001,45,1
3048,235106,16,3
3049,670406,6,3
3050,675731,6,3
3051,280311,65,2
3054,580428,74,3
3055,310223,51,1
3056,595116,38,2
3057,620305,38,2
3058,435929,49,3
3059,771129,61,3
3060,600518,61,2
3061,656005,61,2
3062,305822,41,1
3063,710129,27,3
3064,300505,42,2
3065,215821,24,2
3066,825309,54,2
3067,525621,57,2
3068,540320,57,2
3069,431023,21,1
3070,201212,46,1
3071,675223,38,1
3072,360414,1,3
3073,376023,1,3
3074,581107,1,2
3075,410505,74,2
3076,626117,57,1
3077,345224,50,1
3078,320131,50,1
3079,430519,67,3
3080,515727,5,2
3081,450302,5,2
3082,796017,52,1
3083,710407,41,1
3084,515824,23,3
3085,465629,62,2
3086,480914,62,2
3087,595921,46,1
3088,500611,40,1
3089,740726,46,3
3090,681117,32,1
3091,665303,15,1
3092,676106,59,2
3093,660221,35,1
3094,500818,48,3
3095,530629,36,3
3096,820227,74,3
3097,480822,48,1
3098,380623,17,3
3099,651113,17,1
3100,310330,2,1
3101,411213,1,1
3102,795216,61,1
3103,735307,64,3
3104,825104,4,3
3105,470817,68,3
3106,285303,72,2
3107,601116,30,3
3108,625226,30,3
3109,325421,7,3
3110,310227,54,2
3111,245207,54,2
3112,390912,24,1
3113,716112,60,3
3114,710224,60,3
3115,611130,72,2
3116,510909,28,3
3117,415622,62,2
3118,400709,62,2
3119,365126,50,1
3120,640602,75,1
3121,566018,57,1
3122,590402,57,1
3123,790725,1,1
3124,585102,5,1
3125,226030,10,3
3126,380113,47,1
3127,205618,1,1
3128,445209,69,2
3129,465801,5,3
3130,555531,19,1
3131,355614,1,2
3132,755324,1,2
3133,735420,31,1
3134,380504,1,1
3135,690106,48,3
3136,631218,1,1
3137,470226,70,1
3138,435812,70,1
3139,565923,46,3
3140,590413,46,3
3141,256109,9,1
3142,190318,68,2
3143,445202,21,2
3144,190804,1,2
3145,216104,1,2
3146,480715,1,1
3147,645426,19,2
3148,420404,3,2
3149,355109,3,2
3150,325724,54,2
3151,515727,1,3
3152,361004,1,1
3153,240617,26,2
3154,265221,26,2
3155,735408,44,2
3156,546102,68,1
3157,425226,1,3
3158,406125,1,1
3159,301027,24,3
3160,510629,20,1
3161,801118,66,3
3162,600517,55,1
3163,645526,1,2
3164,620910,1,2
3165,765901,3,1
3166,550614,31,1
3167,435908,48,1
3170,210221,76,3
3171,245426,76,3
3172,511223,64,1
3173,465418,66,1
3174,521116,66,1
3175,505719,64,3
3176,370707,1,3
3177,380812,24,1
3178,695801,25,1
3179,485312,45,2
3180,440930,45,2
3181,430215,27,3
3182,255422,18,1
3183,800224,70,3
3184,596201,5,3
3185,726126,17,3
3186,555114,1,3
3187,520902,7,2
3188,765519,68,2
3190,206101,1,2
3191,756105,56,3
3192,390714,6,3
3193,505222,28,1
3194,755817,51,3
3195,715613,2,2
3196,785814,72,2
3197,580710,1,1
3198,535305,1,1
3199,576218,1,3
3200,541115,1,3
3201,535806,66,1
3202,220719,56,1
3203,595423,1,3
3204,560326,1,3
3205,215625,1,3
3206,210521,1,3
3207,256203,55,1
3208,470206,27,2
3209,395103,27,2
3210,630830,14,1
3211,675807,17,3
3213,411004,1,3
3214,220512,71,3
3215,365506,64,3
3216,591128,58,2
3217,770502,61,3
3218,651216,49,2
3219,596018,49,2
3220,570217,23,2
3221,535716,23,2
3222,770506,21,3
3225,570317,13,3
3226,511122,1,3
3227,506028,59,1
3228,570222,34,1
3229,790418,50,2
3230,825606,1,1
3231,610603,21,3
3232,761105,5,3
3233,801130,1,1
3234,195804,67,3
3235,505612,46,1
3236,605415,28,2
3239,816116,7,1
3240,376210,67,2
3241,340914,26,1
3242,375304,26,1
3243,205930,71,2
3244,330929,72,1
3245,521202,70,2
3246,310420,66,3
3247,585421,69,2
3248,295802,28,3
3249,590120,17,1
3250,625120,17,1
3251,626228,52,3
3252,610326,52,3
3253,460702,70,2
3254,300213,1,1
3255,705104,8,1
3256,760718,49,2
3257,785511,73,3
3258,605730,74,1
3259,501015,71,2
3260,425908,74,2
3261,500410,74,2
3262,415814,61,2
3264,506020,63,1
3265,635611,47,1
3266,601008,47,1
3267,510826,61,3
3268,565331,1,1
3269,741105,2,1
3270,400122,12,1
3271,425103,58,1
3272,205718,9,3
3273,180102,9,3
3274,290122,26,3
3275,245919,26,3
3276,800321,52,2
3277,660326,42,3
3278,625420,42,3
3279,545804,66,1
3280,580531,66,1
3281,501227,74,3
3282,810902,29,3
3283,331123,10,3
3284,360702,2,1
3285,435917,2,1
3286,725315,74,1
3287,780401,74,1
3288,260128,69,3
3289,775609,75,1
3290,695712,11,3
3291,470123,52,3
3292,400121,18,1
3293,535120,1,3
3294,570308,52,1
3295,665313,40,3
3296,690611,23,2
3297,680417,1,1
3298,425805,5,2
3299,615917,76,1
3300,500629,53,1
3302,645217,52,2
3303,650109,52,2
3304,390831,69,3
3305,716011,41,3
3306,480426,27,3
3307,795701,14,3
3308,480216,15,2
3309,425429,15,2
3310,540213,23,1
3311,540825,51,1
3312,716105,70,2
3313,465210,60,3
3314,316218,24,2
3315,340621,24,2
3316,476215,1,1
3317,500424,1,1
3319,795424,1,1
3320,720214,1,1
3321,695530,13,3
3322,480229,31,1
3323,815222,74,3
3324,715413,26,1
3325,630928,26,1
3326,526226,57,2
3327,375704,20,3
3328,661011,24,1
3329,610320,54,2
3330,555415,54,2
3331,705205,70,2
3332,696115,46,1
3333,495724,10,1
3334,670701,1,3
3335,670210,11,2
3336,515530,64,1
3337,520413,53,3
3338,426129,69,3
3339,765129,31,3
3340,760216,54,1
3341,686220,54,1
3342,730929,73,2
3344,610916,42,2
3345,415127,37,1
3346,410225,37,1
3347,360119,11,2
3348,785214,38,2
3349,631221,42,1
3350,500319,30,1
3351,425915,30,1
3352,190912,23,2
3353,195421,23,2
3354,436028,62,1
3355,530115,38,2
3356,740423,73,1
3357,545721,63,3
3358,751007,16,3
3359,450224,1,3
3360,765831,43,2
3361,306002,40,3
3365,665730,1,2
3366,595212,54,1
3367,520423,54,1
3368,526024,14,2
3369,520416,1,1
3370,190328,25,3
3371,196007,25,3
3372,701030,1,2
3373,521129,5,3
3374,605813,5,3
3375,541106,74,3
3376,455119,11,2
3377,380505,11,2
3378,570421,5,3
3379,495701,5,3
3380,785403,74,3
3381,655901,70,1
3382,540228,54,3
3383,565423,54,3
3384,425803,41,1
3385,245213,11,3
3386,405308,49,2
3387,430814,58,1
3388,656026,53,2
3389,675116,39,3
3390,726117,53,2
3391,710407,42,1
3392,756031,1,2
3393,545824,73,2
3394,805704,66,1
3395,621228,4,3
3396,775303,18,3
3397,745608,24,3
3398,690913,24,3
3399,320225,72,3
3402,525502,74,3
3403,571018,74,3
3404,406011,56,1
3405,491215,40,3
3406,475713,40,3
3407,735413,35,3
3408,731220,35,3
3409,190403,36,2
3410,650216,54,2
3412,750718,57,3
3413,696125,57,3
3414,476017,11,1
3415,735930,54,3
3416,780601,35,1
3417,855318,35,1
3418,635807,70,3
3420,790624,66,1
3421,470305,20,1
3422,515502,1,3
3423,715905,12,3
3424,181114,64,3
3425,700507,70,1
3426,780207,73,3
3427,800616,42,2
3428,875927,42,2
3429,411016,46,1
3430,510925,3,1
3431,795405,70,1
3432,731108,15,3
3433,620907,71,2
3434,565920,71,2
3435,455527,4,2
3436,580218,30,1
3437,595808,30,1
3438,420112,43,2
3439,670127,62,3
3440,385213,1,3
3441,580209,75,2
3443,346206,1,1
3444,770406,57,1
3445,795326,17,1
3446,571001,70,2
3447,495421,54,3
3448,541224,1,3
3449,280321,27,2
3450,760912,25,2
3451,740717,19,2
3452,755828,19,2
3453,500802,56,2
3454,496017,11,2
3455,570228,11,2
3456,455121,54,1
3457,235614,75,3
3458,530630,33,2
3459,645830,14,3
3460,651011,14,3
3461,580222,54,1
3462,655318,54,1
3463,795302,1,3
3464,530114,43,3
3465,420417,30,2
3466,365531,1,1
3467,391206,1,1
3468,336231,68,3
3469,755223,1,3
3470,375423,52,1
3471,525929,1,3
3472,465511,70,2
3473,480521,70,2
3474,546208,32,1
3475,570313,19,1
3476,685105,60,1
3477,650828,37,1
3478,260530,1,1
3479,335919,1,1
3480,515410,15,2
3481,571110,15,2
3482,415209,71,1
3483,401202,70,3
3484,720430,44,3
3485,220527,77,1
3486,620309,77,1
3487,590906,1,3
3488,551009,1,2
3489,660813,76,2
3490,201016,19,1
3491,226118,19,1
3492,706227,8,3
3493,655504,69,2
3494,690702,42,2
3495,415510,64,1
3496,490711,64,1
3497,705911,39,3
3498,380401,77,2
3499,690316,19,3
3500,600607,29,2
3501,640321,51,1
3502,520803,54,2
3503,535114,54,2
3504,520125,40,1
3505,771206,20,2
3506,615820,1,1
3507,466202,32,1
3508,701109,38,2
3509,655213,38,2
3510,391026,13,2
3511,630911,74,1
3512,460525,49,3
3513,220720,70,2
3514,185205,70,2
3515,755102,61,1
3516,715907,58,1
3517,535624,68,2
3518,555902,33,1
3519,491215,74,3
3520,285517,8,1
3521,640720,4,1
3522,630202,57,3
3523,640429,6,3
3524,456120,68,1
3525,740521,15,1
3526,775706,15,1
3527,780811,77,2
3528,706006,73,2
3529,730315,54,3
3530,715918,16,1
3531,200614,43,3
3532,350224,56,2
3533,636201,1,1
3534,715321,50,2
3535,730512,37,2
3536,220820,55,2
3537,460416,51,2
3538,445502,1,1
3539,200831,36,1
3540,360804,51,1
3541,345501,51,1
3542,390902,10,2
3543,415819,10,2
3544,615815,1,2
3545,661101,68,3
3546,710228,3,2
3547,245315,1,3
3548,750503,1,3
3549,375908,5,3
3550,695914,54,1
3552,401116,44,3
3554,656221,22,3
3555,680206,22,3
3556,271127,6,3
3557,286124,6,3
3558,285701,54,1
3559,396023,57,1
3560,440202,57,1
3562,310405,1,2
3563,266122,1,2
3564,480323,62,2
3565,620729,44,3
3566,325219,65,2
3567,480309,1,1
3568,410125,1,3
3569,330409,67,2
3570,455427,15,3
3571,700617,25,1
3572,286218,48,1
3573,725209,8,1
3574,465217,19,1
3575,376012,9,1
3576,395315,1,1
3577,426215,31,1
3578,271020,72,2
3579,305807,72,2
3580,295427,6,1
3581,671223,33,3
3582,550217,38,2
3583,425909,15,2
3584,410325,15,2
3585,686002,29,1
3586,430411,60,2
3587,396201,60,2
3588,536104,76,2
3589,615713,73,1
3590,765923,23,3
3591,300928,74,3
3592,255330,74,3
3594,615507,13,2
3595,650101,28,1
3596,750322,74,1
3597,335817,10,3
3598,230911,66,2
3599,315302,66,2
3600,435726,46,3
3601,380803,19,2
3602,406210,19,2
3603,540613,42,1
3605,340724,71,1
3606,580606,63,3
3607,465729,18,3
3608,471209,66,2
3609,556026,66,2
3610,190508,36,2
3611,725527,30,3
3612,625904,19,2
3613,690212,19,2
3614,716009,43,2
3615,740704,1,3
3616,645414,77,3
3617,546130,51,3
3618,530221,54,3
3619,550809,40,3
3620,370914,21,2
3621,390721,66,1
3622,385417,66,1
3623,655420,28,2
3624,825227,1,3
3627,815608,18,2
3628,275226,11,1
3629,471213,42,3
3630,236128,64,1
3631,211119,64,1
3632,435929,15,3
3633,331014,72,2
3634,230625,1,1
3635,215131,1,1
3636,780519,46,1
3637,590110,64,2
3638,436211,49,1
3639,280417,73,3
3640,780724,75,2
3641,795201,75,2
3642,610827,19,1
3643,801111,26,1
3644,510614,75,3
3645,750226,34,3
3646,435616,33,1
3647,480823,33,1
3648,800103,3,2
3649,596025,10,1
3650,180217,64,1
3651,181001,35,3
3652,200220,1,1
3653,175103,1,1
3654,245301,25,1
3655,680206,59,2
3656,255826,62,2
3657,210518,62,2
3658,240405,58,2
3659,306110,42,2
3660,740709,65,2
3661,321125,51,3
3662,310922,27,2
3663,475625,69,1
3664,510319,69,1
3667,710918,70,2
3668,726223,70,2
3669,620822,10,2
3670,805917,44,3
3671,430716,10,1
3672,486206,10,1
3673,516207,1,1
3674,806110,17,2
3675,520318,70,3
3676,656014,10,1
3677,600916,10,1
3678,345812,1,1
3679,310423,72,2
3680,235407,72,2
3681,210426,1,3
3682,245112,1,3
3683,775222,74,3
3684,616231,16,1
3685,740306,74,1
3686,626011,61,3
3687,720206,49,1
3688,755502,49,1
3689,795712,9,1
3690,600802,44,2
3691,650417,18,2
3693,220331,15,3
3694,205429,15,3
3695,341004,55,3
3696,395411,55,3
3697,545116,9,2
3698,710425,44,2
3699,680808,1,3
3700,765524,1,3
3701,545506,73,2
3702,521127,76,2
3703,310615,17,2
3704,620411,69,1
3705,655604,1,3
3707,410624,74,1
3708,585316,46,3
3709,550503,46,3
3710,280125,59,3
3711,680507,25,1
3712,695530,56,3
3713,445223,41,1
3714,536001,8,1
3716,530415,74,1
3717,250130,71,3
3718,295629,71,3
3719,300830,54,2
3720,366207,54,2
3721,546216,64,1
3722,565429,1,2
3723,680901,18,3
3724,255923,57,3
3727,700113,33,1
3728,360106,66,3
3729,415822,66,3
3730,455807,59,2
3732,460827,66,2
3733,465509,1,3
3734,431202,15,2
3735,380117,18,1
3736,325722,18,1
3737,480430,12,3
3738,785331,1,2
3739,565821,3,2
3740,291103,46,3
3741,360504,16,2
3742,616127,56,1
3743,581106,56,1
3745,715119,2,2
3746,750125,66,2
3747,641202,1,1
3748,305305,59,3
3749,435321,65,2
3750,381003,1,1
3751,661012,33,1
3752,615206,33,1
3753,595414,1,3
3754,475713,1,1
3755,515709,37,3
3756,716003,12,3
3757,220416,5,2
3758,635914,53,3
3759,611012,53,3
3760,550104,18,1
3761,750805,48,2
3762,595218,60,3
3763,775812,38,3
3764,780129,38,3
3765,565124,45,2
3766,805310,1,3
3767,360907,14,2
3768,445304,14,2
3769,570910,54,3
3770,255103,35,2
3771,420327,48,1
3772,365823,48,1
3773,645729,33,2
3774,221029,1,2
3775,281127,46,2
3776,780709,74,1
3777,755904,74,1
3779,490515,6,1
3780,771122,37,3
3781,755312,17,3
3782,800910,1,2
3783,685708,1,3
3784,741108,1,3
3785,205718,66,1
3786,200710,13,3
3787,785507,21,1
3788,555705,56,1
3789,641017,66,2
3790,360828,48,3
3791,390318,72,3
3792,720921,74,1
3793,515620,39,2
3794,765506,37,2
3795,820503,12,2
3796,530629,3,1
3797,515714,3,1
3798,546117,1,1
3799,290324,2,2
3800,545615,38,1
3801,480815,38,1
3802,250728,67,1
3803,300715,1,2
3804,335411,1,2
3805,421220,68,1
3806,675627,54,3
3807,476107,33,2
3808,430124,57,2
3811,520620,6,3
3812,670208,1,3
3813,785825,2,2
3814,450913,1,1
3815,695412,28,3
3816,660126,1,3
3817,376021,77,3
3818,420728,71,2
3819,365524,71,2
3821,390516,22,1
3822,531126,48,2
3823,561208,63,2
3824,710107,41,3
3825,655420,41,3
3826,210308,33,2
3827,235505,33,2
3829,720313,59,3
3830,685224,18,2
3831,180211,11,3
3832,255904,11,3
3833,350301,19,1
3834,765912,1,3
3835,315512,50,1
3836,481121,77,2
3837,215822,39,2
3838,291027,65,2
3839,375705,65,2
3840,335612,50,1
3841,190708,26,1
3842,760626,74,3
3843,425421,4,1
3844,636226,71,1
3845,590509,1,1
3846,805711,27,1
3847,595914,6,1
3848,385814,45,2
3849,326211,1,2
3850,575126,45,3
3851,611120,45,3
3852,525912,10,1
3853,805704,59,1
3854,590830,24,1
3855,390320,29,3
3856,445609,1,1
3857,526203,72,1
3858,485614,18,3
3859,410503,18,3
3860,380410,74,3
3861,515127,11,3
3862,475713,40,3
3863,396027,1,2
3864,311117,1,2
3865,771106,75,1
3866,775703,75,1
3868,621114,66,2
3869,465224,17,2
3870,715808,4,3
3871,790325,4,3
3872,300419,8,3
3873,606216,23,2
3874,425810,61,1
3875,305727,1,2
3876,230522,1,2
3877,565913,38,3
3880,615824,29,1
3881,475507,45,3
3882,420510,45,3
3883,650927,18,1
3884,631118,72,2
3885,405117,70,3
3886,655717,8,3
3887,200117,67,2
3888,166027,67,2
3890,581022,3,3
3891,581214,75,1
3892,790419,1,1
3893,691226,1,1
3894,410121,29,2
3895,455503,29,2
3896,231003,5,2
3897,515328,16,2
3898,485117,57,3
3899,195920,55,1
3900,430923,55,1
3901,515412,55,1
3902,496220,65,1
3903,485318,1,2
3904,395115,29,3
3905,350805,29,3
3906,361223,64,3
3907,546209,1,1
3908,291125,73,3
3909,235916,73,3
3910,195823,37,1
3911,526013,31,3
3912,455307,1,3
3913,510801,8,2
3914,205824,52,2
3915,770105,20,3
3916,705827,47,2
3917,671228,47,2
3918,740110,5,3
3919,420617,35,3
3920,255813,44,2
3921,585121,28,1
3922,285408,1,3
3923,351020,1,3
3924,710109,56,2
3925,365814,45,1
3926,721001,54,2
3927,485223,61,1
3928,285808,77,2
3929,571101,74,2
3930,210117,1,2
3931,216015,1,2
3932,391006,59,1
3933,465907,59,1
3934,681015,12,2
3935,391127,71,3
3936,625408,36,2
3937,630609,36,2
3938,800122,27,3
3939,531106,40,1
3942,520813,53,2
3943,451204,1,1
3944,360101,8,3
3945,316025,8,3
3946,750511,1,2
3947,670525,23,1
3948,795523,44,3
3949,740826,44,3
3950,240321,38,2
3951,205722,38,2
3952,656228,52,3
3953,255609,14,2
3954,571031,64,3
3955,605531,64,3
3956,755602,21,1
3957,710812,21,1
3958,465430,37,2
3959,705715,30,2
3960,640106,8,3
3961,435403,53,3
3962,521128,74,2
3963,740207,76,1
3964,420507,74,3
3965,630516,1,3
3966,696007,1,3
3967,605926,18,1
3968,550615,18,1
3969,515219,4,2
3970,805809,46,3
3971,660220,1,3
3972,300601,1,2
3973,825820,1,1
3974,380824,68,1
3975,545719,1,2
3976,670913,43,2
3977,750927,8,1
3978,701215,18,3
3979,286014,54,2
3980,530713,1,3
3981,790616,19,2
3982,195115,45,1
3983,265522,1,1
3984,645313,1,2
3985,795416,75,1
3987,601107,67,1
3988,745904,53,3
3989,800327,53,3
3990,730203,29,3
3991,670517,11,3
3992,486110,71,1
3993,805307,14,3
3994,655131,21,3
3995,485815,1,3
3996,475716,36,2
3997,275105,13,1
3998,505603,59,3
3999,765116,30,2
4000,571022,40,3
4001,560129,69,3
4002,205629,25,2
4003,490423,8,2
4004,575812,30,3
4006,785507,25,3
4007,481107,23,1
4008,515508,23,1
4009,660629,4,2
4010,485617,4,1
4011,576219,62,2
4012,566009,56,1
4013,516206,1,3
4014,800906,17,2
4015,726227,65,2
4016,715525,13,1
4017,640515,13,1
4018,805907,3,2
4019,450916,11,1
4020,535331,45,2
4021,481210,45,2
4022,260210,1,3
4023,255517,1,3
4024,641016,3,1
4025,716007,3,1
4026,455924,76,2
4027,655628,16,1
4028,700808,16,1
4029,670103,17,1
4030,765921,44,1
4031,750522,67,2
4032,645802,35,2
4033,251015,51,3
4034,370717,58,1
4035,305820,58,1
4036,765709,25,3
4037,666022,1,3
4040,615517,59,1
4041,540126,59,1
4042,390904,1,3
4043,535509,70,3
4044,305429,44,2
4046,446218,1,3
4047,370128,1,3
4048,231124,4,2
4049,450913,4,2
4050,481230,47,1
4051,491006,74,2
4052,506017,74,2
4053,295923,70,1
4054,595208,72,2
4055,535601,74,2
4056,525726,63,2
4057,225611,70,1
4059,240511,54,3
4060,545621,44,2
4061,781224,8,2
4062,500808,71,3
4063,665216,61,2
4064,720208,61,2
4065,420627,73,1
4066,366128,30,3
4067,595708,21,2
4068,240625,11,1
4069,590307,68,1
4070,595523,68,1
4071,426215,45,1
4072,410508,45,1
4073,550210,24,2
4074,585608,24,2
4075,445918,8,1
4076,691117,49,1
4077,555306,68,2
4078,510604,23,2
4079,550629,27,1
4080,435926,21,1
4081,780603,9,3
4082,615115,58,2
4083,685130,74,2
4084,571005,55,2
4085,526204,55,2
4086,416222,63,2
4087,465216,64,2
4088,486218,68,1
4089,470227,68,1
4090,710622,23,3
4091,825907,29,2
4092,336111,14,1
4093,460929,1,3
4094,791219,2,1
4095,740914,25,2
4096,805316,25,2
4098,380328,13,2
4099,455503,12,1
4100,550313,74,2
4101,705507,1,3
4102,695815,4,1
4103,650519,4,1
4104,190410,23,1
4105,806115,16,2
4106,361109,1,1
4107,540909,49,2
4108,265126,43,2
4109,530811,63,3
4112,741128,38,1
4113,475909,76,1
4114,640209,63,3
4115,430327,33,1
4116,361124,36,3
4117,185701,53,1
4118,780617,28,1
4119,625220,62,2
4120,610306,62,2
4121,230212,23,3
4122,690918,39,2
4123,666112,39,2
4124,636110,19,1
4125,225417,31,3
4126,750909,74,1
4127,705526,74,1
4129,525331,75,1
4131,760602,48,3
4132,621015,42,1
4133,655322,42,1
4134,545212,1,1
4136,590106,31,3
4137,490830,21,3
4138,685918,11,1
4139,690720,74,2
4140,631004,70,3
4141,700318,9,1
4142,600611,36,3
4143,550824,27,3
4144,555911,27,3
4145,226202,73,3
4146,555613,9,3
4147,721223,64,3
4148,685208,64,3
4149,790307,1,3
4150,775810,1,3
4151,265717,73,3
4152,270607,73,3
4153,560412,32,3
4154,536025,32,3
4155,230513,1,2
4156,626102,5,2
4157,720509,1,1
4158,205710,35,3
4159,131206,35,3
4160,695627,16,3
4161,725909,22,2
4163,510607,4,1
4164,246022,45,3
4165,550313,53,3
4166,470226,1,1
4167,495531,6,1
4169,805219,58,1
4170,830827,58,1
4171,800518,1,2
4172,455429,1,1
4173,785604,52,2
4174,270211,63,1
4175,655106,13,3
4176,220831,32,1
4177,351225,34,2
4178,260831,32,1
4179,200729,54,3
4180,320617,63,3
4181,645515,76,1
4182,410623,16,3
4183,406113,16,3
4184,755426,8,3
4185,645423,51,3
4186,781014,38,3
4187,675828,25,3
4188,760817,1,2
4189,411207,64,2
4190,421117,17,3
4191,575106,32,1
4192,311121,72,3
4193,375228,8,2
4194,405103,63,2
4195,450730,63,2
4196,515116,55,3
4198,546017,23,1
4199,611219,23,1
4201,770719,3,2
4202,705520,3,2
4203,675108,1,1
4204,600603,1,1
4205,350205,30,3
4206,421009,22,1
4207,380302,70,1
4209,335223,70,1
4210,790915,40,2
4211,735417,22,2
4212,450527,53,3
4213,255627,64,3
4214,210703,64,3
4215,525608,49,2
4217,515625,9,1
4218,396006,48,3
4219,445104,51,1
4220,630915,33,2
4221,415926,63,3
4222,280816,60,3
4223,700530,54,3
4224,775403,42,1
4225,770808,76,3
4226,570408,31,1
4227,636224,51,3
4229,611005,36,2
4230,616111,74,2
4231,595808,1,3
4232,710215,70,2
4233,380215,46,3
4234,726108,70,2
4235,756115,9,2
4236,625117,42,3
4237,235731,16,1
4238,715426,41,3
4239,201211,70,2
4240,606021,46,3
4241,505330,20,1
4242,540427,20,1
4243,580126,7,3
4244,225812,68,3
4245,190923,68,3
4246,805909,36,1
4247,755116,26,2
4248,755507,9,1
4249,770521,52,3
4250,615906,72,2
4251,600426,44,2
4252,535528,44,2
4253,365519,16,1
4254,720305,65,1
4255,255628,66,3
4256,570329,70,1
4257,685629,1,1
4258,665511,44,3
4259,495616,10,3
4260,670601,12,2
4261,245804,34,1
4262,255424,59,1
4263,725626,73,3
4264,715621,74,2
4265,780119,59,2
4266,745126,1,3
4267,365421,24,2
4268,280611,24,2
4269,555907,45,3
4270,725205,58,3
4271,640723,58,3
4272,785830,42,3
4273,766129,18,1
4274,375524,70,2
4275,575626,49,2
4276,735805,74,1
4277,791105,74,1
4278,491118,33,3
4279,491013,51,2
4280,445108,55,3
4281,310413,54,3
4282,320609,3,2
4283,240905,27,1
4284,461126,68,1
4285,456228,68,1
4286,655928,6,2
4287,536007,62,3
4288,465308,70,3
4289,811123,66,2
4290,470309,32,2
4291,515507,58,2
4292,520719,72,2
4293,596216,4,2
4294,560622,4,2
4295,600316,18,2
4296,251106,57,3
4297,286016,57,3
4298,200418,33,3
4299,775915,50,3
4300,776115,1,1
4301,565503,14,2
4302,445104,30,3
4303,785305,21,1
4304,455615,5,1
4305,395621,40,3
4306,401017,40,3
4307,770414,1,3
4308,705110,44,3
4309,795426,39,2
4310,255530,65,2
4311,810412,59,2
4312,796020,72,2
4313,685221,53,3
4314,255524,58,1
4315,595425,74,2
4316,435826,1,2
4317,786011,53,3
4318,425911,43,3
4319,461106,43,3
4320,586104,66,2
4321,736018,19,2
4322,701001,19,2
4323,240320,40,3
4324,185722,40,3
4325,470719,55,3
4326,300920,1,3
4327,375823,1,3
4328,765613,59,1
4329,475518,64,3
4330,210702,33,2
4331,590903,5,2
4332,360111,57,3
4333,580420,1,3
4334,545219,1,3
4335,246225,54,2
4336,695802,19,3
4337,660421,48,2
4338,441025,30,3
4339,775915,59,3
4340,495718,1,2
4341,640501,76,3
4342,185407,63,3
4343,295809,27,2
4344,250615,54,2
4345,745929,18,3
4346,735920,3,3
4347,265620,54,1
4348,785417,3,2
4349,595822,1,1
4350,660820,1,1
4352,710724,72,2
4353,795919,28,3
4354,860813,28,3
4355,386229,1,1
4358,421024,70,3
4359,500802,64,3
4360,655710,19,3
4361,550504,46,1
4362,430916,50,2
4363,515701,50,2
4364,771205,22,2
4365,610512,10,1
4367,820330,14,1
4368,776021,32,3
4369,650615,53,3
4370,390628,59,3
4371,681212,32,1
4372,331011,3,2
4373,511220,51,2
4376,540305,70,1
4377,780131,48,3
4380,310513,1,2
4381,590125,56,2
4382,801020,18,1
4383,630801,21,3
4384,735112,10,2
4385,726002,21,1
4386,456227,53,2
4387,460218,52,3
4388,365916,4,3
4389,265701,10,3
4390,725429,7,3
4393,415911,1,2
4394,756230,64,1
4395,585516,36,1
4396,746107,63,2
4397,731126,63,2
4398,580723,77,3
4399,676120,61,3
4400,595829,54,2
4401,680720,8,3
4402,290411,23,1
4403,386019,36,3
4404,515409,31,1
4405,595417,47,3
4406,541101,1,3
4407,750706,70,1
4408,230519,62,3
4409,285122,62,3
4410,765112,24,2
4411,500102,54,2
4412,526126,54,2
4413,770504,74,3
4414,330619,50,2
4415,770709,4,3
4416,701225,67,2
4417,760424,1,3
4418,700519,28,3
4420,570506,55,3
4421,445627,1,2
4422,435731,76,1
4423,180524,27,3
4424,330506,21,1
4425,366015,21,1
4426,695913,26,1
4427,401103,30,2
4428,540309,38,2
4429,450402,64,3
4430,385627,64,3
4431,300930,58,3
4432,645314,1,3
4433,680222,1,1
4434,640329,64,1
4435,656030,64,1
4436,200428,27,1
4437,616026,70,1
4438,571204,70,1
4439,750325,70,3
4440,481226,33,3
4441,436007,33,3
4442,215429,23,3
4444,690328,77,3
4445,645414,77,3
4446,506011,71,3
4447,570816,71,3
4448,425502,72,2
4449,491108,8,3
4450,495105,67,2
4451,276019,50,1
4452,245608,70,1
4453,765529,61,1
4454,760209,61,1
4455,760729,70,2
4456,361023,30,2
4457,430117,1,1
4458,506223,22,2
4459,625521,1,2
4460,570224,1,2
4461,575422,54,1
4462,770913,1,3
4463,230817,76,3
4464,641119,53,2
4465,370602,74,3
4466,226007,75,1
4467,446117,20,1
4468,440504,20,1
4469,735228,8,3
4471,755611,64,1
4472,650725,74,3
4473,441227,1,1
4474,646209,3,1
4476,270113,3,3
4477,570118,74,2
4478,525514,74,2
4479,585724,2,2
4480,630330,74,1
4481,750616,1,2
4482,790117,56,3
4483,665829,63,2
4484,550411,37,1
4485,190720,36,1
4486,145614,36,1
4487,740814,22,3
4488,715403,22,3
4489,480324,76,3
4490,565218,76,3
4491,775713,2,1
4492,655908,16,3
4493,471005,33,1
4494,521109,54,3
4495,790411,66,1
4496,710219,10,3
4497,645914,10,3
4498,311228,31,3
4499,295928,31,3
4500,240812,17,1
4501,475318,70,1
4502,320110,21,1
4503,285528,21,1
4504,656124,33,3
4505,660706,33,3
4506,546130,11,3
4507,700803,1,1
4508,211114,54,1
4509,205312,54,1
4510,386228,34,3
4511,455427,51,1
4512,631019,1,3
4514,401225,65,3
4515,205928,59,2
4516,615927,1,3
4518,525404,39,2
4519,516031,70,3
4520,575628,1,3
4521,430909,1,1
4522,506101,68,2
4523,520309,68,2
4524,570714,77,2
4525,645717,77,2
4526,705424,70,1
4527,635204,1,2
4528,220109,28,1
4529,760916,37,2
4530,845918,37,2
4531,645625,64,1
4532,531009,39,2
4533,800129,64,2
4534,541224,38,3
4535,316203,1,1
4536,471014,41,3
4539,421212,55,3
4540,360116,69,3
4541,715302,32,2
4542,540206,29,1
4543,411201,1,1
4544,555613,52,3
4545,365120,3,1
4546,515420,23,1
4547,436230,9,2
4548,580105,7,3
4549,206030,10,2
4550,426017,72,2
4551,240429,60,2
4552,195228,60,2
4553,455223,1,2
4554,370724,70,3
4555,600807,52,3
4556,700531,74,1
4557,326024,44,1
4558,280927,44,1
4559,585309,35,2
4560,631020,9,3
4561,685629,40,3
4562,651011,25,1
4563,715725,10,3
4564,750825,10,3
4565,480303,14,2
4567,370212,70,1
4568,820426,70,1
4569,715709,6,1
4570,396103,1,1
4571,671107,1,1
4572,365521,28,2
4573,556012,5,1
4574,666112,20,2
4575,645920,36,1
4576,580627,53,3
4577,495725,64,3
4578,761227,15,2
4579,395701,74,3
4580,446124,30,3
4581,565616,1,2
4582,181012,44,3
4583,415824,61,1
4584,495624,7,1
4585,485910,9,3
4586,510813,9,3
4587,785506,36,2
4588,766105,53,3
4589,765915,2,2
4590,360317,1,1
4591,330819,43,2
4592,555329,1,3
4593,320703,72,3
4594,401125,1,3
4595,406129,1,3
4596,735831,74,2
4597,525519,1,2
4598,415412,25,1
4599,471205,25,1
4600,670313,70,1
4601,350402,1,2
4602,345404,1,2
4603,465726,69,2
4604,681002,67,2
4605,805909,18,3
4606,371014,8,1
4607,766116,74,2
4608,450118,41,2
4609,766219,7,2
4610,665102,34,1
4611,535510,1,2
4612,605923,44,2
4615,510731,56,1
4617,771220,45,3
4618,725327,45,3
4619,415220,77,1
4620,406101,54,1
4621,460210,54,1
4622,725525,50,3
4623,670509,68,3
4624,665524,48,1
4625,670304,48,1
4626,476124,3,1
4627,420324,1,2
4628,385531,1,2
4629,230510,76,3
4630,155927,76,3
4631,335401,8,3
4632,280418,1,1
4633,806031,62,1
4634,405309,67,1
4635,360228,67,1
4636,770922,48,3
4637,690213,61,3
4638,685226,33,1
4639,800516,20,1
4640,565507,75,1
4641,580212,33,3
4642,605803,33,3
4643,695721,1,3
4644,310119,20,3
4647,780820,8,2
4648,640124,33,2
4649,285625,45,1
4650,655715,54,1
4651,790124,2,2
4652,620226,53,2
4653,466218,4,3
4654,505215,2,2
4655,471014,2,2
4656,420916,1,1
4657,410913,15,1
4658,351011,33,2
4659,595414,50,1
4660,755706,60,3
4661,445511,1,2
4662,275210,1,2
4663,421029,72,1
4664,210805,38,3
4665,265827,9,3
4666,280612,9,3
4667,410426,25,3
4668,385625,25,3
4670,685814,51,1
4671,720727,51,1
4672,490828,44,2
4673,520816,69,1
4674,786227,59,2
4675,751002,23,3
4677,215929,3,3
4678,681206,21,1
4679,480131,20,2
4680,795524,72,3
4681,496008,1,3
4682,530811,1,3
4683,560802,51,3
4684,535305,1,1
4685,640714,62,3
4686,440702,39,1
4687,476219,16,3
4688,400911,16,3
4689,630426,50,2
4690,625826,66,2
4691,640128,66,2
4692,555406,76,1
4693,430302,42,2
4694,435415,42,2
4695,251211,52,2
4696,335412,52,2
4697,575925,27,2
4698,630331,45,3
4699,636112,13,2
4700,375615,70,3
4701,410628,22,2
4704,555429,12,1
4705,550912,1,2
4706,435711,58,2
4707,401105,58,2
4708,500714,18,1
4709,780416,54,1
4710,615509,52,2
4711,550723,52,2
4712,605606,37,3
4713,186104,13,2
4714,110820,13,2
4715,765812,15,2
4716,335802,10,1
4717,440809,32,3
4718,321122,2,1
4719,370218,23,3
4720,465506,33,3
4721,565321,65,3
4722,720128,8,2
4723,415206,1,3
4724,736014,53,3
4725,451117,34,2
4726,525704,34,2
4727,706123,74,2
4728,701031,74,2
4729,450707,18,1
4730,200504,68,2
4731,735211,52,1
4732,180317,70,2
4733,550717,1,3
4734,250321,72,2
4735,226023,72,2
4736,435528,56,3
4737,815601,24,1
4739,605308,37,3
4740,770612,28,3
4741,295729,74,3
4742,495413,61,3
4743,560925,61,3
4744,291218,6,2
4745,485804,68,2
4746,415720,39,1
4747,225427,76,3
4748,280126,76,3
4749,485119,57,3
4750,620404,70,3
4751,730108,35,3
4752,391009,7,1
4753,345218,7,1
4754,396228,27,2
4755,545905,71,3
4756,505108,22,2
4757,451009,22,2
4758,735109,50,1
4759,800221,50,1
4760,350327,70,1
4761,346128,70,1
4762,715213,76,1
4763,445223,77,2
4764,791015,54,3
4765,350306,48,3
4766,670527,22,2
4767,185921,26,3
4768,605403,1,2
4769,235123,22,2
4770,241213,22,2
4771,615107,64,2
4772,505129,6,3
4773,525613,33,1
4774,510814,59,1
4775,485722,59,1
4776,741222,1,3
4777,295623,64,3
4778,220307,64,3
4779,780210,52,2
4780,725201,54,3
4781,665815,9,2
4782,661228,25,2
4783,786016,31,2
4784,206208,42,1
4785,211006,42,1
4786,380816,54,1
4787,620312,36,1
4788,805427,39,1
4789,405926,24,3
4790,460209,75,2
4791,360215,51,2
4792,575525,20,3
4793,465215,55,1
4794,456116,20,3
4795,255918,74,1
4796,280311,7,1
4797,405903,59,1
4798,625102,37,1
4799,465320,75,1
4800,530814,75,1
4801,781125,23,1
4802,710706,75,1
4803,450807,45,3
4804,305207,51,3
4805,355313,1,1
4806,445201,19,2
4807,481228,25,1
4808,816124,23,3
4809,301101,19,1
4810,355126,19,1
4811,715326,77,2
4812,250626,1,3
4813,681025,43,2
4814,620228,54,1
4815,700917,15,3
4816,745304,15,3
4817,690904,12,1
4818,320313,1,2
4819,640413,62,1
4820,695919,2,1
4821,395608,35,2
4822,451013,35,2
4823,820416,7,1
4824,400305,54,3
4826,776227,25,1
4831,580814,27,1
4832,575109,56,3
4833,715228,30,3
4836,521231,49,3
4837,675313,56,1
4853,390301,58,2
4861,776101,57,2
4862,436123,1,1
4863,745302,1,3
4877,570219,45,1
4882,781221,36,3
4886,791209,23,1
4892,690308,26,1
4901,505508,72,3
4904,615419,38,3
4906,766019,64,3
4907,740531,64,3
4915,630719,40,1
4916,390109,52,2
4918,680506,11,1
4919,515526,49,1
4923,620702,66,3
4925,510618,45,2
4927,555316,72,2
4928,760209,9,2
4929,430730,74,2
4930,810730,1,3
4937,606109,54,2
4941,795225,60,3
4942,590705,38,2
4944,820407,58,3
4949,821020,54,2
4956,461010,6,2
4959,790425,77,2
4961,820731,54,1
4968,380526,50,2
4969,685720,64,2
4972,775713,70,1
4974,625630,5,1
4975,611021,5,1
4976,810118,36,3
4979,370628,7,1
4989,350904,28,2
4992,725714,55,2
4993,735627,1,1
4994,780621,1,1
5002,775717,65,3
5010,505908,42,3
5012,725922,27,2
5013,800915,1,3
5016,465105,1,1
5028,760410,28,3
5030,800115,1,2
5046,370822,1,1
5050,510119,62,3
5056,575204,67,1
5067,755910,21,1
5072,815324,1,3
5081,616031,1,2
5093,495412,55,3
5107,476006,50,3
5108,440522,50,3
5111,591212,50,3
5117,750321,52,2
5126,650403,43,1
5127,755405,33,3
5128,631224,70,3
5132,671021,51,1
5133,595810,66,3
5134,675719,58,1
5137,790505,5,1
5138,745805,45,2
5141,535519,54,3
5143,730309,77,1
5144,665607,77,1
5145,506031,26,3
5149,621218,15,3
5152,755909,43,1
5159,641202,39,1
5163,576028,43,3
5164,711130,9,2
5171,565923,64,3
5175,495918,63,3
5180,431220,1,1
5189,615110,74,3
5200,605423,33,3
5201,540419,33,3
5203,455908,61,3
5204,630122,47,3
5212,466012,72,3
5213,801010,1,2
5214,760912,47,2
5215,736015,47,2
5217,405716,74,3
5223,775111,2,3
5224,490724,29,1
5232,485406,74,2
5233,671030,66,1
5236,780603,25,2
5237,770803,1,1
5240,400217,74,1
5241,780626,63,3
5243,700418,2,3
5245,425318,38,3
5246,820515,70,3
5247,430414,47,1
5249,715105,5,3
5253,466007,69,1
5254,480916,69,1
5263,625227,1,3
5273,590110,39,1
5275,500521,28,3
5277,686107,44,2
5281,411224,73,1
5283,820310,17,3
5284,715924,51,1
5287,710102,77,2
5308,745709,41,1
5312,470108,71,1
5313,475116,71,1
5318,680328,74,2
5319,645923,74,2
5320,515407,17,3
5321,500201,17,3
5322,565313,73,2
5323,765217,14,3
5325,705918,66,3
5326,670812,66,3
5333,675529,39,2
5334,351229,48,3
5337,610502,1,2
5338,665525,1,2
5347,490331,41,3
5352,765818,40,2
5353,675522,48,2
5354,675105,30,3
5358,420831,54,2
5362,391209,47,3
5364,640314,62,2
5365,715501,62,2
5366,715920,60,3
5367,790606,60,3
5374,471126,63,3
5376,700123,14,1
5379,780320,60,1
5384,350721,73,2
5385,740201,67,1
5389,680831,17,3
5392,555328,16,1
5393,551203,4,3
5395,620601,45,2
5397,695730,72,2
5398,670323,72,2
5399,726227,24,3
5402,685529,30,1
5404,765918,58,2
5409,480325,15,1
5413,460410,33,2
5420,350719,61,1
5433,750924,50,1
5441,570125,18,3
5445,520916,69,1
5450,400828,8,1
5460,611001,63,1
5461,685920,9,1
5462,630908,9,1
5468,445527,68,3
5469,795302,63,2
5472,560510,53,2
5473,685809,70,3
5478,451027,33,1
5487,475917,56,2
5517,640313,57,3
5521,735515,9,2
5526,470319,27,3
5527,416128,27,3
5530,530329,12,1
5531,790515,4,2
5539,350605,74,2
5563,760101,1,2
5565,666222,3,2
5574,705912,9,3
5579,510216,77,2
5580,525301,77,2
5606,800806,4,3
5617,585801,56,2
5618,535322,63,3
5642,576104,70,2
5684,555302,8,2
5699,501008,73,1
5701,596122,2,1
5704,756009,66,1
5722,596007,64,1
5727,530224,54,3
5736,530516,1,2
5753,480523,39,3
5760,480508,66,1
5761,415511,66,1
5774,605115,46,1
5775,550310,46,1
5788,620504,72,2
5801,796210,26,2
5826,680909,15,2
5827,755128,15,2
5858,520717,52,3
5859,455129,52,3
5860,640422,47,2
5866,785403,67,3
5873,795406,5,1
5911,351003,14,3
5928,705910,42,1
5965,510410,50,2
5977,790531,43,3
5978,445127,33,1
6001,370501,60,2
6015,731121,54,2
6033,660527,1,2
6034,390815,20,3
6039,585703,1,1
6040,630410,1,1
6042,631012,53,1
6052,490406,40,1
6067,505313,70,2
6077,805430,54,2
6112,586228,43,1
6114,405215,66,1
6115,536225,13,3
6122,685216,6,1
6144,566219,54,1
6175,640517,72,3
6178,406015,1,2
6183,631116,1,3
6185,485305,58,1
6186,520527,58,1
6191,521224,74,2
6196,430309,68,3
6235,400404,5,2
6255,465101,54,1
6256,410521,54,1
6257,425820,75,1
6272,421010,1,2
6275,561230,13,2
6299,360809,1,1
6301,495308,55,3
6317,575127,77,3
6318,500305,77,3
6342,540604,8,3
6349,721203,72,1
6359,760706,64,1
6363,736020,4,2
6366,660221,49,3
6367,700428,44,2
6383,700107,15,1
6391,520130,34,3
6408,560629,47,2
6417,500107,40,2
6422,600923,28,1
6452,420717,64,3
6468,440223,70,2
6469,530316,4,3
6473,405930,76,2
6474,341130,76,2
6478,510520,3,1
6481,586224,1,3
6485,625521,48,3
6499,630201,44,3
6501,701104,1,3
6511,530807,47,1
6544,740804,66,2
6545,785909,66,2
6546,635822,1,3
6551,485812,24,1
6552,550221,71,2
6567,786121,5,2
6571,715324,72,2
6604,480726,72,1
6610,540603,57,1
6616,530618,1,1
6619,436218,43,3
6644,595906,1,1
6691,421015,43,2
6698,525713,43,3
6729,571227,15,1
6731,431126,13,2
6749,435929,9,1
6750,460604,9,1
6753,620523,15,3
6764,440412,19,1
6789,790326,57,1
6798,485803,61,2
6803,806207,5,2
6804,810607,5,2
6827,690428,59,1
6829,636224,10,2
6844,715905,53,3
6886,425313,66,1
6892,515322,1,3
6893,440114,1,3
6895,710624,42,2
6906,490925,64,2
6922,395427,14,3
6924,670823,17,2
6936,595227,52,2
6944,700313,43,1
6946,705129,74,1
6967,531217,44,2
6978,650405,38,3
6987,680129,1,3
7010,670630,70,3
7011,615414,70,3
7043,400630,77,3
7065,715707,5,2
7100,615923,30,1
7102,675720,75,2
7112,610624,76,2
7127,570929,3,3
7150,635916,45,3
7166,640513,15,2
7186,445601,27,1
7195,620911,50,3
7234,650804,28,2
7241,575906,57,1
7286,705210,47,3
7291,406202,77,1
7299,380916,1,2
7311,490518,56,1
7324,635318,1,2
7325,750124,24,2
7327,590522,49,3
7339,745228,19,1
7348,776026,6,1
7366,735412,29,3
7390,371104,1,3
7411,635125,54,2
7412,551017,54,2
7422,581126,74,1
7423,645908,74,1
7434,425404,34,3
7435,575416,67,3
7521,605209,74,2
7567,370315,5,3
7576,620710,38,2
7586,735128,56,2
7594,495407,64,3
7614,770305,64,1
7632,480111,1,1
7672,530405,26,2
7678,620407,3,2
7683,460401,12,2
7723,665614,48,2
7724,680223,48,2
7727,585613,31,1
7753,785923,70,1
7765,585224,1,1
7772,766230,1,2
7787,510710,34,1
7796,755927,50,3
7797,700730,50,3
7800,575830,16,1
7814,765106,61,2
7815,465119,4,2
7843,660511,6,1
7855,645130,7,1
7862,651017,74,3
7863,590312,72,3
7864,351214,34,2
7914,666024,38,1
7959,785629,1,2
7970,671120,74,3
7980,760808,16,3
8013,420622,43,1
8030,670719,1,3
8064,666129,54,2
8074,581007,61,3
8076,505727,16,3
8089,650406,35,3
8091,710210,5,1
8096,796102,38,3
8105,630312,72,3
8130,765508,62,1
8200,445531,1,2
8217,780802,69,2
8276,795608,43,2
8287,360926,14,2
8295,515123,15,1
8327,455831,48,3
8333,660201,60,2
8342,790730,76,1
8356,690904,3,1
8359,791206,74,1
8362,755915,74,1
8366,605521,41,1
8392,665508,36,2
8393,660506,36,2
8432,685106,38,2
8433,610911,38,2
8463,470904,75,1
8489,526227,75,1
8502,430419,51,2
8506,796225,69,3
8510,470524,55,2
8548,455510,57,2
8568,716203,1,3
8571,351026,54,2
8598,576231,46,1
8610,485502,55,3
8611,481026,55,3
8615,395413,12,1
8636,416112,71,3
8661,545511,1,3
8666,715828,7,2
8667,675212,77,3
8670,435107,5,2
8677,550814,49,1
8678,625712,49,1
8692,535707,71,3
8726,530810,10,3
8737,485411,17,1
8738,480710,17,1
8764,405707,70,1
8777,535411,11,2
9173,450204,1,2
9174,406009,1,2
9196,395423,21,1
9202,620209,68,3
9217,405130,19,2
9226,396225,64,3
9231,725924,29,1
9236,565507,31,2
9250,630114,1,1
9273,555826,39,1
9274,580405,39,1
9276,461106,4,2
9313,605417,9,3
9316,586026,63,1
9340,670822,54,3
9346,721210,43,3
9362,735719,56,1
9366,750626,72,3
9370,751220,59,2
9403,740322,16,1
9417,490308,21,2
9418,500410,1,1
9419,506109,1,1
9427,706109,62,3
9428,650509,62,3
9433,455322,72,3
9450,436011,68,2
9451,420505,68,2
9456,416207,40,3
9457,780926,46,2
9458,736121,46,2
9505,580821,1,1
9546,556102,50,3
9555,475515,13,3
9569,505718,19,1
9582,425414,2,2
9593,685128,74,3
9606,490216,52,1
9611,580527,23,3
9616,620919,74,1
9641,450126,64,3
9642,375903,64,3
9663,450924,19,3
9664,446113,19,3
9670,480504,38,3
9675,705219,60,3
9680,770821,36,3
9702,516116,33,1
9715,776130,35,2
9717,526110,52,1
9718,590203,52,1
9721,541205,34,1
9755,515605,23,3
9760,690217,27,3
9775,600623,70,2
9776,615305,70,2
9798,505302,69,2
9820,685121,59,1
9833,640921,51,3
9834,605317,51,3
9844,450803,55,1
9845,435615,55,1
9846,675701,54,2
9872,675317,9,2
9880,706210,10,3
9914,421208,36,3
9915,670710,27,1
9929,675719,47,1
9930,720623,9,1
9933,411015,74,3
9945,685414,31,2
9946,600420,31,2
9973,456003,24,1
9987,505619,73,1
9995,580707,54,1
9997,620607,67,2
10023,735320,59,3
10040,686030,37,3
10041,680417,37,3
10043,651029,45,1
10046,465917,5,1
10066,635523,64,2
10070,740423,9,2
10075,640701,48,3
10076,696225,26,2
10077,730627,26,2
10090,805314,29,1
10095,765206,1,3
10096,780105,1,3
10145,655725,4,1
10159,380106,50,3
10198,760524,31,3
10199,795813,31,3
10200,805216,13,3
10201,851019,13,3
10209,751027,59,1
10269,405511,70,3
10273,585927,51,2
10274,561011,51,2
10275,705125,77,1
10276,761116,77,1
10282,790619,1,3
10287,625903,48,3
10288,590607,48,3
10303,620405,64,3
10350,615914,29,2
10351,581110,29,2
10355,765710,14,3
10382,655217,20,2
10389,435815,20,1
10459,645809,17,3
10475,485828,51,1
10476,501204,51,1
10479,556020,2,3
10492,371111,70,1
10510,455126,23,3
10511,500115,23,3
10517,805912,54,1
10528,525216,47,1
10543,455223,14,1
10555,351215,1,2
10563,490107,68,1
10564,545319,68,1
10566,426109,74,1
10636,710803,64,3
10639,540129,2,2
10654,625716,46,1
10662,495825,60,1
10702,380503,17,3
10703,435428,17,3
10714,465331,66,1
10746,710804,53,1
10777,805127,70,2
10778,760319,70,2
10798,805323,1,3
10813,795513,1,2
10818,720804,64,1
10828,576123,1,2
10912,630109,15,2
10960,420220,28,1
10963,440615,1,1
10987,616003,62,3
10988,640613,62,3
10997,725206,1,3
10998,671219,1,3
11004,471116,63,3
11008,695519,51,1
11034,720219,1,1
11050,575504,70,1
11063,556104,64,3
11064,530709,64,3
11083,531017,61,1
11093,590129,40,3
11105,575201,70,3
11114,520726,1,1
11121,715410,72,1
11122,790610,72,1
11123,480129,47,1
11126,655122,1,1
11130,615408,1,3
11131,570726,1,3
11136,445727,3,3
11147,725712,5,2
11149,650714,43,3
11195,531205,58,1
11208,575305,10,2
11250,465923,26,1
11252,656208,32,2
11266,380925,9,2
11267,365826,9,2
11271,371208,18,3
11274,690414,64,2
11275,635418,64,2
11286,406127,56,2
11304,606020,28,1
11314,360602,45,3
11319,425414,1,1
11327,471021,72,3
11329,615131,69,3
11331,446214,70,1
11337,690403,29,2
11359,720820,11,1
11360,725419,11,1
11362,665111,51,2
11371,416104,37,3
11372,610928,11,2
11379,520528,74,2
11380,515406,74,2
11381,795726,57,2
11405,645729,68,2
11406,701115,68,2
11409,805502,32,2
11461,740708,70,1
11491,585516,36,2
11497,595717,11,1
11516,381109,59,2
11517,405521,59,2
11545,665122,1,3
11574,445420,1,3
11596,406204,70,2
11598,775923,54,2
11609,570211,59,3
11637,510612,73,1
11638,545824,73,1
11662,720403,76,2
11676,435312,5,1
11683,800128,7,3
11685,655723,64,2
11686,486018,21,2
11687,450123,21,2
11701,490414,9,1
11709,610803,1,1
11710,675619,1,1
11713,515411,59,3
11714,450704,59,3
11732,575520,19,2
11754,661103,62,2
11755,455716,4,1
11768,715912,1,2
11794,706007,31,1
11795,770223,31,1
11804,441212,74,3
11851,700402,65,3
11855,571201,11,1
11857,520826,70,1
11860,255830,70,3
11866,370902,1,2
11867,346119,1,2
11873,636120,38,1
11874,690119,1,2
11875,675623,1,2
11886,415913,61,2
11906,441203,76,1
11907,456116,76,1
11911,391024,8,3
11943,610709,1,1
11947,640529,70,1
11976,396027,54,1
11977,440701,54,1
11978,711009,54,3
11979,776209,54,3
12003,760623,74,1
12050,430530,52,1
12051,365930,52,1
12079,725812,64,3
12092,770515,68,1
12095,390227,47,3
12102,685907,21,1
12133,645626,27,1
12144,801123,2,2
12145,825625,2,2
12163,540616,1,2
12181,610819,1,2
12220,716112,60,1
12221,710224,60,1
12303,745405,24,2
12308,781129,64,3
12324,780306,8,3
12325,641030,8,2
12328,445408,1,3
12344,405620,26,1
12358,430705,17,1
12359,356013,17,1
12376,590217,4,3
12378,465827,76,3
12382,551129,1,2
12383,635513,1,2
12396,705117,62,3
12397,730602,62,3
12416,730530,1,2
12417,745103,1,2
12432,650307,55,1
12464,591217,39,1
12468,690704,22,2
12485,655410,34,1
12490,800814,34,3
12547,636013,70,2
12561,660620,38,1
12568,565301,44,2
12577,505505,62,1
12586,470130,27,2
12599,560101,44,1
12616,655126,27,1
12625,581207,54,1
12643,625720,69,1
12662,530601,14,2
12695,790316,68,1
12726,455809,8,2
12729,680321,36,2
12730,645929,36,2
12738,606029,23,2
12739,580117,23,2
12750,405525,21,1
12754,600820,55,3
12755,596101,55,3
12756,495121,22,2
12802,690812,1,2
12810,641014,39,3
12840,390727,60,2
12843,530505,66,1
12844,461015,45,3
12850,550826,72,3
12851,575927,72,3
12859,765521,1,3
12890,585120,70,3
12908,410312,12,2
12943,701012,55,1
12986,735508,40,2
12991,470116,51,1
13044,760301,52,1
13051,650113,55,2
13071,560218,41,2
13089,795214,16,3
13090,805418,2,2
13095,500316,76,1
13098,786215,1,1
13102,490415,8,1
13113,761125,11,3
13123,785217,56,2
13134,626103,1,2
13151,581222,73,1
13171,505626,19,3
13172,381019,36,1
13190,561128,71,1
13201,370517,31,3
13231,590701,1,3
13246,425113,46,1
13260,775527,72,2
13261,440801,75,3
13262,385209,75,3
13276,770120,76,3
13285,351225,34,2
13290,410623,16,3
13291,406113,16,3
13346,560415,50,3
13380,420918,65,1
13404,660925,48,1
13405,580813,32,3
13406,785418,42,3
13412,540320,1,2
13417,516117,25,1
13447,705505,13,3
13448,680708,13,3
13451,556118,44,1
13468,601031,25,2
13469,556208,25,2
13480,530601,16,3
13490,695525,18,2
13539,780907,63,1
13548,760318,1,3
13556,580719,32,2
13576,740707,72,2
13588,740129,46,1
13590,770803,59,3
13603,410728,46,3
13608,635515,37,2
13620,700726,16,2
13640,555609,28,1
13657,635512,59,2
13658,570423,59,2
13673,710220,39,3
13687,590523,75,3
13690,630516,70,2
13694,765120,1,1
13750,806113,12,2
13751,790720,12,2
13803,471114,1,3
13820,485731,33,2
13845,730216,15,3
13852,720126,5,1
13886,545412,44,1
13912,751120,50,2
13915,741123,77,2
13921,706220,62,3
13923,795222,7,3
13924,525909,54,1
13931,420101,8,3
13955,456030,1,3
13956,430406,1,3
13968,680413,61,1
13971,626019,67,2
13998,535812,74,2
